PS C:\githubrepos\sayan801\hapi-fhir-jpaserver-starter> mvn spring-boot:run
[INFO] Scanning for projects...
[WARNING] 
[WARNING] Some problems were encountered while building the effective model for ca.uhn.hapi.fhir:hapi-fhir-jpaserver-starter:war:8.4.0-2
[WARNING] 'version' contains an expression but should be a constant. @ ca.uhn.hapi.fhir:hapi-fhir-jpaserver-starter:${project.parent.version}-${hapi.fhir.jpa.server.starter.revision}, C:\githubrepos\sayan801\hapi-fhir-jpaserver-starter\pom.xml, line 27, column 14
[WARNING] 
[WARNING] It is highly recommended to fix these problems because they threaten the stability of your build.
[WARNING] 
[WARNING] For this reason, future Maven versions might no longer support building such malformed projects.
[WARNING] 
[WARNING] The project ca.uhn.hapi.fhir:hapi-fhir-jpaserver-starter:war:8.4.0-2 uses prerequisites which is only intended for maven-plugin projects but not for non maven-plugin projects. For such purposes you should use the maven-enforcer-plugin. See https://maven.apache.org/enforcer/enforcer-rules/requireMavenVersion.html
Downloading from central: https://repo.maven.apache.org/maven2/org/apache/maven/plugins/maven-checkstyle-plugin/3.6.0/maven-checkstyle-plugin-3.6.0.pom
Downloaded from central: https://repo.maven.apache.org/maven2/org/apache/maven/plugins/maven-checkstyle-plugin/3.6.0/maven-checkstyle-plugin-3.6.0.pom (15 kB at 24 kB/s)
Downloading from central: https://repo.maven.apache.org/maven2/org/apache/maven/plugins/maven-plugins/43/maven-plugins-43.pom
Downloaded from central: https://repo.maven.apache.org/maven2/org/apache/maven/plugins/maven-plugins/43/maven-plugins-43.pom (7.5 kB at 136 kB/s)
Downloading from central: https://repo.maven.apache.org/maven2/org/apache/maven/maven-parent/43/maven-parent-43.pom
Downloaded from central: https://repo.maven.apache.org/maven2/org/apache/maven/maven-parent/43/maven-parent-43.pom (50 kB at 530 kB/s)
Downloading from central: https://repo.maven.apache.org/maven2/org/apache/maven/plugins/maven-checkstyle-plugin/3.6.0/maven-checkstyle-plugin-3.6.0.jar
Downloaded from central: https://repo.maven.apache.org/maven2/org/apache/maven/plugins/maven-checkstyle-plugin/3.6.0/maven-checkstyle-plugin-3.6.0.jar (100 kB at 1.1 MB/s)
Downloading from central: https://repo.maven.apache.org/maven2/org/apache/maven/plugins/maven-antrun-plugin/3.1.0/maven-antrun-plugin-3.1.0.pom
Downloaded from central: https://repo.maven.apache.org/maven2/org/apache/maven/plugins/maven-antrun-plugin/3.1.0/maven-antrun-plugin-3.1.0.pom (9.1 kB at 74 kB/s)
Downloading from central: https://repo.maven.apache.org/maven2/org/apache/maven/plugins/maven-plugins/34/maven-plugins-34.pom
Downloaded from central: https://repo.maven.apache.org/maven2/org/apache/maven/plugins/maven-plugins/34/maven-plugins-34.pom (11 kB at 141 kB/s)
Downloading from central: https://repo.maven.apache.org/maven2/org/apache/maven/plugins/maven-antrun-plugin/3.1.0/maven-antrun-plugin-3.1.0.jar
Downloaded from central: https://repo.maven.apache.org/maven2/org/apache/maven/plugins/maven-antrun-plugin/3.1.0/maven-antrun-plugin-3.1.0.jar (41 kB at 749 kB/s)
Downloading from central: https://repo.maven.apache.org/maven2/org/apache/maven/plugins/maven-scm-publish-plugin/3.0.0/maven-scm-publish-plugin-3.0.0.pom
Downloaded from central: https://repo.maven.apache.org/maven2/org/apache/maven/plugins/maven-scm-publish-plugin/3.0.0/maven-scm-publish-plugin-3.0.0.pom (6.9 kB at 135 kB/s)
Downloading from central: https://repo.maven.apache.org/maven2/org/apache/maven/plugins/maven-plugins/30/maven-plugins-30.pom
Downloaded from central: https://repo.maven.apache.org/maven2/org/apache/maven/plugins/maven-plugins/30/maven-plugins-30.pom (10 kB at 237 kB/s)
Downloading from central: https://repo.maven.apache.org/maven2/org/apache/maven/maven-parent/30/maven-parent-30.pom
Downloaded from central: https://repo.maven.apache.org/maven2/org/apache/maven/maven-parent/30/maven-parent-30.pom (41 kB at 780 kB/s)
Downloading from central: https://repo.maven.apache.org/maven2/org/apache/maven/plugins/maven-scm-publish-plugin/3.0.0/maven-scm-publish-plugin-3.0.0.jar
Downloaded from central: https://repo.maven.apache.org/maven2/org/apache/maven/plugins/maven-scm-publish-plugin/3.0.0/maven-scm-publish-plugin-3.0.0.jar (40 kB at 607 kB/s)
[INFO] 
[INFO] ------------< ca.uhn.hapi.fhir:hapi-fhir-jpaserver-starter >------------
[INFO] Building HAPI FHIR JPA Server - Starter Project 8.4.0-2
[INFO]   from pom.xml
[INFO] --------------------------------[ war ]---------------------------------
[INFO] 
[INFO] >>> spring-boot:3.3.11:run (default-cli) > test-compile @ hapi-fhir-jpaserver-starter >>>
Downloading from central: https://repo.maven.apache.org/maven2/org/springframework/boot/spring-boot/3.3.0/spring-boot-3.3.0.pom
Downloaded from central: https://repo.maven.apache.org/maven2/org/springframework/boot/spring-boot/3.3.0/spring-boot-3.3.0.pom (2.2 kB at 23 kB/s)
Downloading from central: https://repo.maven.apache.org/maven2/net/minidev/accessors-smart/2.5.0/accessors-smart-2.5.0.pom
Downloaded from central: https://repo.maven.apache.org/maven2/net/minidev/accessors-smart/2.5.0/accessors-smart-2.5.0.pom (11 kB at 242 kB/s)
Downloading from central: https://repo.maven.apache.org/maven2/org/ow2/asm/asm/9.3/asm-9.3.pom
Downloaded from central: https://repo.maven.apache.org/maven2/org/ow2/asm/asm/9.3/asm-9.3.pom (2.4 kB at 45 kB/s)
Downloading from central: https://repo.maven.apache.org/maven2/org/ow2/ow2/1.5/ow2-1.5.pom
Downloaded from central: https://repo.maven.apache.org/maven2/org/ow2/ow2/1.5/ow2-1.5.pom (11 kB at 163 kB/s)
Downloading from central: https://repo.maven.apache.org/maven2/org/xmlresolver/xmlresolver/4.6.4/xmlresolver-4.6.4.pom
Downloaded from central: https://repo.maven.apache.org/maven2/org/xmlresolver/xmlresolver/4.6.4/xmlresolver-4.6.4.pom (2.3 kB at 19 kB/s)
[INFO] 
[INFO] --- enforcer:3.5.0:enforce (enforce-maven) @ hapi-fhir-jpaserver-starter ---
Downloading from central: https://repo.maven.apache.org/maven2/org/codehaus/plexus/plexus-utils/4.0.1/plexus-utils-4.0.1.pom
Downloaded from central: https://repo.maven.apache.org/maven2/org/codehaus/plexus/plexus-utils/4.0.1/plexus-utils-4.0.1.pom (7.8 kB at 135 kB/s)
Downloading from central: https://repo.maven.apache.org/maven2/org/apache/maven/enforcer/enforcer-api/3.5.0/enforcer-api-3.5.0.pom
Downloaded from central: https://repo.maven.apache.org/maven2/org/apache/maven/enforcer/enforcer-api/3.5.0/enforcer-api-3.5.0.pom (3.8 kB at 41 kB/s)
Downloading from central: https://repo.maven.apache.org/maven2/org/apache/maven/enforcer/enforcer-rules/3.5.0/enforcer-rules-3.5.0.pom
Downloaded from central: https://repo.maven.apache.org/maven2/org/apache/maven/enforcer/enforcer-rules/3.5.0/enforcer-rules-3.5.0.pom (5.4 kB at 82 kB/s)
Downloading from central: https://repo.maven.apache.org/maven2/org/apache/maven/resolver/maven-resolver-util/1.4.1/maven-resolver-util-1.4.1.pom
Downloaded from central: https://repo.maven.apache.org/maven2/org/apache/maven/resolver/maven-resolver-util/1.4.1/maven-resolver-util-1.4.1.pom (2.8 kB at 48 kB/s)
Downloading from central: https://repo.maven.apache.org/maven2/org/apache/maven/resolver/maven-resolver/1.4.1/maven-resolver-1.4.1.pom
Downloaded from central: https://repo.maven.apache.org/maven2/org/apache/maven/resolver/maven-resolver/1.4.1/maven-resolver-1.4.1.pom (18 kB at 298 kB/s)
Downloading from central: https://repo.maven.apache.org/maven2/org/apache/maven/resolver/maven-resolver-api/1.4.1/maven-resolver-api-1.4.1.pom
Downloaded from central: https://repo.maven.apache.org/maven2/org/apache/maven/resolver/maven-resolver-api/1.4.1/maven-resolver-api-1.4.1.pom (2.6 kB at 30 kB/s)
Downloading from central: https://repo.maven.apache.org/maven2/commons-codec/commons-codec/1.17.0/commons-codec-1.17.0.pom
Downloaded from central: https://repo.maven.apache.org/maven2/commons-codec/commons-codec/1.17.0/commons-codec-1.17.0.pom (18 kB at 238 kB/s)
Downloading from central: https://repo.maven.apache.org/maven2/org/apache/commons/commons-parent/69/commons-parent-69.pom
Downloaded from central: https://repo.maven.apache.org/maven2/org/apache/commons/commons-parent/69/commons-parent-69.pom (77 kB at 875 kB/s)
Downloading from central: https://repo.maven.apache.org/maven2/commons-io/commons-io/2.16.1/commons-io-2.16.1.pom
Downloaded from central: https://repo.maven.apache.org/maven2/commons-io/commons-io/2.16.1/commons-io-2.16.1.pom (20 kB at 363 kB/s)
Downloading from central: https://repo.maven.apache.org/maven2/org/apache-extras/beanshell/bsh/2.0b6/bsh-2.0b6.pom
Downloaded from central: https://repo.maven.apache.org/maven2/org/apache-extras/beanshell/bsh/2.0b6/bsh-2.0b6.pom (5.0 kB at 86 kB/s)
Downloading from central: https://repo.maven.apache.org/maven2/org/codehaus/plexus/plexus-utils/4.0.1/plexus-utils-4.0.1.jar
Downloaded from central: https://repo.maven.apache.org/maven2/org/codehaus/plexus/plexus-utils/4.0.1/plexus-utils-4.0.1.jar (193 kB at 1.6 MB/s)
Downloading from central: https://repo.maven.apache.org/maven2/org/apache/maven/enforcer/enforcer-api/3.5.0/enforcer-api-3.5.0.jar
Downloading from central: https://repo.maven.apache.org/maven2/org/apache/maven/enforcer/enforcer-rules/3.5.0/enforcer-rules-3.5.0.jar
Downloading from central: https://repo.maven.apache.org/maven2/org/apache/maven/resolver/maven-resolver-util/1.4.1/maven-resolver-util-1.4.1.jar
Downloading from central: https://repo.maven.apache.org/maven2/commons-codec/commons-codec/1.17.0/commons-codec-1.17.0.jar
Downloading from central: https://repo.maven.apache.org/maven2/commons-io/commons-io/2.16.1/commons-io-2.16.1.jar
Downloaded from central: https://repo.maven.apache.org/maven2/org/apache/maven/resolver/maven-resolver-util/1.4.1/maven-resolver-util-1.4.1.jar (168 kB at 2.1 MB/s)
Downloading from central: https://repo.maven.apache.org/maven2/org/apache-extras/beanshell/bsh/2.0b6/bsh-2.0b6.jar
Downloaded from central: https://repo.maven.apache.org/maven2/org/apache/maven/enforcer/enforcer-api/3.5.0/enforcer-api-3.5.0.jar (15 kB at 79 kB/s)
Downloaded from central: https://repo.maven.apache.org/maven2/org/apache-extras/beanshell/bsh/2.0b6/bsh-2.0b6.jar (389 kB at 1.6 MB/s)
Downloaded from central: https://repo.maven.apache.org/maven2/org/apache/maven/enforcer/enforcer-rules/3.5.0/enforcer-rules-3.5.0.jar (147 kB at 505 kB/s)
Downloaded from central: https://repo.maven.apache.org/maven2/commons-codec/commons-codec/1.17.0/commons-codec-1.17.0.jar (373 kB at 832 kB/s)
Downloaded from central: https://repo.maven.apache.org/maven2/commons-io/commons-io/2.16.1/commons-io-2.16.1.jar (509 kB at 1.1 MB/s)
[INFO] Rule 0: org.apache.maven.enforcer.rules.version.RequireMavenVersion passed
[INFO] Rule 1: org.apache.maven.enforcer.rules.version.RequireJavaVersion passed
[INFO]
[INFO] --- resources:3.3.0:resources (default-resources) @ hapi-fhir-jpaserver-starter ---
[INFO] Copying 4 resources
[INFO]
[INFO] --- compiler:3.13.0:compile (default-compile) @ hapi-fhir-jpaserver-starter ---
[INFO] Recompiling the module because of added or removed source files.
[INFO] Compiling 63 source files with javac [forked debug release 17] to target\classes
[INFO] 
[INFO] --- resources:3.3.0:testResources (default-testResources) @ hapi-fhir-jpaserver-starter ---
[INFO] Copying 18 resources
[INFO] 
[INFO] --- compiler:3.13.0:testCompile (default-testCompile) @ hapi-fhir-jpaserver-starter ---
[INFO] Recompiling the module because of changed dependency.
[INFO] Compiling 22 source files with javac [forked debug release 17] to target\test-classes
[INFO] 
[INFO] <<< spring-boot:3.3.11:run (default-cli) < test-compile @ hapi-fhir-jpaserver-starter <<<
[INFO]
[INFO] 
[INFO] --- spring-boot:3.3.11:run (default-cli) @ hapi-fhir-jpaserver-starter ---
Downloading from central: https://repo.maven.apache.org/maven2/org/springframework/boot/spring-boot-buildpack-platform/3.3.11/spring-boot-buildpack-platform-3.3.11.pom
Downloaded from central: https://repo.maven.apache.org/maven2/org/springframework/boot/spring-boot-buildpack-platform/3.3.11/spring-boot-buildpack-platform-3.3.11.pom (3.2 kB at 3.5 kB/s)
Downloading from central: https://repo.maven.apache.org/maven2/com/fasterxml/jackson/core/jackson-databind/2.14.2/jackson-databind-2.14.2.pom
Downloaded from central: https://repo.maven.apache.org/maven2/com/fasterxml/jackson/core/jackson-databind/2.14.2/jackson-databind-2.14.2.pom (19 kB at 210 kB/s)
Downloading from central: https://repo.maven.apache.org/maven2/com/fasterxml/jackson/jackson-base/2.14.2/jackson-base-2.14.2.pom
Downloaded from central: https://repo.maven.apache.org/maven2/com/fasterxml/jackson/jackson-base/2.14.2/jackson-base-2.14.2.pom (10 kB at 157 kB/s)
Downloading from central: https://repo.maven.apache.org/maven2/com/fasterxml/jackson/jackson-bom/2.14.2/jackson-bom-2.14.2.pom
Downloaded from central: https://repo.maven.apache.org/maven2/com/fasterxml/jackson/jackson-bom/2.14.2/jackson-bom-2.14.2.pom (17 kB at 224 kB/s)
Downloading from central: https://repo.maven.apache.org/maven2/com/fasterxml/jackson/jackson-parent/2.14/jackson-parent-2.14.pom
Downloaded from central: https://repo.maven.apache.org/maven2/com/fasterxml/jackson/jackson-parent/2.14/jackson-parent-2.14.pom (7.7 kB at 137 kB/s)
Downloading from central: https://repo.maven.apache.org/maven2/com/fasterxml/oss-parent/48/oss-parent-48.pom
Downloaded from central: https://repo.maven.apache.org/maven2/com/fasterxml/oss-parent/48/oss-parent-48.pom (24 kB at 403 kB/s)
Downloading from central: https://repo.maven.apache.org/maven2/com/fasterxml/jackson/core/jackson-annotations/2.14.2/jackson-annotations-2.14.2.pom
Downloaded from central: https://repo.maven.apache.org/maven2/com/fasterxml/jackson/core/jackson-annotations/2.14.2/jackson-annotations-2.14.2.pom (6.2 kB at 99 kB/s)
Downloading from central: https://repo.maven.apache.org/maven2/com/fasterxml/jackson/core/jackson-core/2.14.2/jackson-core-2.14.2.pom
Downloaded from central: https://repo.maven.apache.org/maven2/com/fasterxml/jackson/core/jackson-core/2.14.2/jackson-core-2.14.2.pom (7.0 kB at 149 kB/s)
Downloading from central: https://repo.maven.apache.org/maven2/com/fasterxml/jackson/module/jackson-module-parameter-names/2.14.2/jackson-module-parameter-names-2.14.2.pom
Downloaded from central: https://repo.maven.apache.org/maven2/com/fasterxml/jackson/module/jackson-module-parameter-names/2.14.2/jackson-module-parameter-names-2.14.2.pom (4.4 kB at 50 kB/s)
Downloading from central: https://repo.maven.apache.org/maven2/com/fasterxml/jackson/module/jackson-modules-java8/2.14.2/jackson-modules-java8-2.14.2.pom
Downloaded from central: https://repo.maven.apache.org/maven2/com/fasterxml/jackson/module/jackson-modules-java8/2.14.2/jackson-modules-java8-2.14.2.pom (3.1 kB at 52 kB/s)
Downloading from central: https://repo.maven.apache.org/maven2/net/java/dev/jna/jna-platform/5.13.0/jna-platform-5.13.0.pom
Downloaded from central: https://repo.maven.apache.org/maven2/net/java/dev/jna/jna-platform/5.13.0/jna-platform-5.13.0.pom (2.3 kB at 32 kB/s)
Downloading from central: https://repo.maven.apache.org/maven2/org/apache/commons/commons-compress/1.25.0/commons-compress-1.25.0.pom
Downloaded from central: https://repo.maven.apache.org/maven2/org/apache/commons/commons-compress/1.25.0/commons-compress-1.25.0.pom (22 kB at 271 kB/s)
Downloading from central: https://repo.maven.apache.org/maven2/org/apache/httpcomponents/client5/httpclient5/5.3.1/httpclient5-5.3.1.pom
Downloaded from central: https://repo.maven.apache.org/maven2/org/apache/httpcomponents/client5/httpclient5/5.3.1/httpclient5-5.3.1.pom (6.0 kB at 75 kB/s)
Downloading from central: https://repo.maven.apache.org/maven2/org/apache/httpcomponents/client5/httpclient5-parent/5.3.1/httpclient5-parent-5.3.1.pom
Downloaded from central: https://repo.maven.apache.org/maven2/org/apache/httpcomponents/client5/httpclient5-parent/5.3.1/httpclient5-parent-5.3.1.pom (17 kB at 261 kB/s)
Downloading from central: https://repo.maven.apache.org/maven2/org/apache/httpcomponents/core5/httpcore5/5.2.4/httpcore5-5.2.4.pom
Downloaded from central: https://repo.maven.apache.org/maven2/org/apache/httpcomponents/core5/httpcore5/5.2.4/httpcore5-5.2.4.pom (3.9 kB at 92 kB/s)
Downloading from central: https://repo.maven.apache.org/maven2/org/apache/httpcomponents/core5/httpcore5-parent/5.2.4/httpcore5-parent-5.2.4.pom
Downloaded from central: https://repo.maven.apache.org/maven2/org/apache/httpcomponents/core5/httpcore5-parent/5.2.4/httpcore5-parent-5.2.4.pom (14 kB at 229 kB/s)
Downloading from central: https://repo.maven.apache.org/maven2/org/apache/httpcomponents/core5/httpcore5-h2/5.2.4/httpcore5-h2-5.2.4.pom
Downloaded from central: https://repo.maven.apache.org/maven2/org/apache/httpcomponents/core5/httpcore5-h2/5.2.4/httpcore5-h2-5.2.4.pom (3.6 kB at 58 kB/s)
Downloading from central: https://repo.maven.apache.org/maven2/org/springframework/spring-core/6.0.23/spring-core-6.0.23.pom
Downloaded from central: https://repo.maven.apache.org/maven2/org/springframework/spring-core/6.0.23/spring-core-6.0.23.pom (2.0 kB at 38 kB/s)
Downloading from central: https://repo.maven.apache.org/maven2/org/springframework/spring-jcl/6.0.23/spring-jcl-6.0.23.pom
Downloaded from central: https://repo.maven.apache.org/maven2/org/springframework/spring-jcl/6.0.23/spring-jcl-6.0.23.pom (1.8 kB at 28 kB/s)
Downloading from central: https://repo.maven.apache.org/maven2/org/tomlj/tomlj/1.0.0/tomlj-1.0.0.pom
Downloaded from central: https://repo.maven.apache.org/maven2/org/tomlj/tomlj/1.0.0/tomlj-1.0.0.pom (2.8 kB at 43 kB/s)
Downloading from central: https://repo.maven.apache.org/maven2/org/antlr/antlr4-runtime/4.7.2/antlr4-runtime-4.7.2.pom
Downloaded from central: https://repo.maven.apache.org/maven2/org/antlr/antlr4-runtime/4.7.2/antlr4-runtime-4.7.2.pom (3.6 kB at 57 kB/s)
Downloading from central: https://repo.maven.apache.org/maven2/org/antlr/antlr4-master/4.7.2/antlr4-master-4.7.2.pom
Downloaded from central: https://repo.maven.apache.org/maven2/org/antlr/antlr4-master/4.7.2/antlr4-master-4.7.2.pom (4.4 kB at 72 kB/s)
Downloading from central: https://repo.maven.apache.org/maven2/org/springframework/boot/spring-boot-loader-tools/3.3.11/spring-boot-loader-tools-3.3.11.pom
Downloaded from central: https://repo.maven.apache.org/maven2/org/springframework/boot/spring-boot-loader-tools/3.3.11/spring-boot-loader-tools-3.3.11.pom (2.2 kB at 42 kB/s)
Downloading from central: https://repo.maven.apache.org/maven2/org/apache/maven/shared/maven-common-artifact-filters/3.3.2/maven-common-artifact-filters-3.3.2.pom
Downloaded from central: https://repo.maven.apache.org/maven2/org/apache/maven/shared/maven-common-artifact-filters/3.3.2/maven-common-artifact-filters-3.3.2.pom (5.3 kB at 76 kB/s)
Downloading from central: https://repo.maven.apache.org/maven2/org/apache/maven/shared/maven-shared-components/37/maven-shared-components-37.pom
Downloaded from central: https://repo.maven.apache.org/maven2/org/apache/maven/shared/maven-shared-components/37/maven-shared-components-37.pom (4.9 kB at 75 kB/s)
Downloading from central: https://repo.maven.apache.org/maven2/org/apache/maven/maven-parent/37/maven-parent-37.pom
Downloaded from central: https://repo.maven.apache.org/maven2/org/apache/maven/maven-parent/37/maven-parent-37.pom (46 kB at 681 kB/s)
Downloading from central: https://repo.maven.apache.org/maven2/org/springframework/spring-core/6.1.19/spring-core-6.1.19.pom
Downloaded from central: https://repo.maven.apache.org/maven2/org/springframework/spring-core/6.1.19/spring-core-6.1.19.pom (2.0 kB at 36 kB/s)
Downloading from central: https://repo.maven.apache.org/maven2/org/springframework/spring-jcl/6.1.19/spring-jcl-6.1.19.pom
Downloaded from central: https://repo.maven.apache.org/maven2/org/springframework/spring-jcl/6.1.19/spring-jcl-6.1.19.pom (1.8 kB at 16 kB/s)
Downloading from central: https://repo.maven.apache.org/maven2/org/springframework/spring-context/6.1.19/spring-context-6.1.19.pom
Downloaded from central: https://repo.maven.apache.org/maven2/org/springframework/spring-context/6.1.19/spring-context-6.1.19.pom (2.8 kB at 29 kB/s)
Downloading from central: https://repo.maven.apache.org/maven2/org/springframework/spring-aop/6.1.19/spring-aop-6.1.19.pom
Downloaded from central: https://repo.maven.apache.org/maven2/org/springframework/spring-aop/6.1.19/spring-aop-6.1.19.pom (2.2 kB at 17 kB/s)
Downloading from central: https://repo.maven.apache.org/maven2/org/springframework/spring-beans/6.1.19/spring-beans-6.1.19.pom
Downloaded from central: https://repo.maven.apache.org/maven2/org/springframework/spring-beans/6.1.19/spring-beans-6.1.19.pom (2.0 kB at 32 kB/s)
Downloading from central: https://repo.maven.apache.org/maven2/org/springframework/spring-expression/6.1.19/spring-expression-6.1.19.pom
Downloaded from central: https://repo.maven.apache.org/maven2/org/springframework/spring-expression/6.1.19/spring-expression-6.1.19.pom (2.1 kB at 17 kB/s)
Downloading from central: https://repo.maven.apache.org/maven2/org/apache/maven/plugins/maven-shade-plugin/3.5.0/maven-shade-plugin-3.5.0.pom
Downloaded from central: https://repo.maven.apache.org/maven2/org/apache/maven/plugins/maven-shade-plugin/3.5.0/maven-shade-plugin-3.5.0.pom (12 kB at 157 kB/s)
Downloading from central: https://repo.maven.apache.org/maven2/org/slf4j/slf4j-api/1.7.32/slf4j-api-1.7.32.pom
Downloaded from central: https://repo.maven.apache.org/maven2/org/slf4j/slf4j-api/1.7.32/slf4j-api-1.7.32.pom (3.8 kB at 49 kB/s)
Downloading from central: https://repo.maven.apache.org/maven2/org/slf4j/slf4j-parent/1.7.32/slf4j-parent-1.7.32.pom
Downloaded from central: https://repo.maven.apache.org/maven2/org/slf4j/slf4j-parent/1.7.32/slf4j-parent-1.7.32.pom (14 kB at 223 kB/s)
Downloading from central: https://repo.maven.apache.org/maven2/org/ow2/asm/asm/9.5/asm-9.5.pom
Downloaded from central: https://repo.maven.apache.org/maven2/org/ow2/asm/asm/9.5/asm-9.5.pom (2.4 kB at 33 kB/s)
Downloading from central: https://repo.maven.apache.org/maven2/org/ow2/asm/asm-commons/9.5/asm-commons-9.5.pom
Downloaded from central: https://repo.maven.apache.org/maven2/org/ow2/asm/asm-commons/9.5/asm-commons-9.5.pom (2.8 kB at 45 kB/s)
Downloading from central: https://repo.maven.apache.org/maven2/org/ow2/asm/asm-tree/9.5/asm-tree-9.5.pom
Downloaded from central: https://repo.maven.apache.org/maven2/org/ow2/asm/asm-tree/9.5/asm-tree-9.5.pom (2.6 kB at 43 kB/s)
Downloading from central: https://repo.maven.apache.org/maven2/org/jdom/jdom2/2.0.6.1/jdom2-2.0.6.1.pom
Downloaded from central: https://repo.maven.apache.org/maven2/org/jdom/jdom2/2.0.6.1/jdom2-2.0.6.1.pom (4.6 kB at 60 kB/s)
Downloading from central: https://repo.maven.apache.org/maven2/org/apache/maven/shared/maven-dependency-tree/3.2.1/maven-dependency-tree-3.2.1.pom
Downloaded from central: https://repo.maven.apache.org/maven2/org/apache/maven/shared/maven-dependency-tree/3.2.1/maven-dependency-tree-3.2.1.pom (6.2 kB at 40 kB/s)
Downloading from central: https://repo.maven.apache.org/maven2/commons-io/commons-io/2.13.0/commons-io-2.13.0.pom
Downloaded from central: https://repo.maven.apache.org/maven2/commons-io/commons-io/2.13.0/commons-io-2.13.0.pom (20 kB at 278 kB/s)
Downloading from central: https://repo.maven.apache.org/maven2/org/apache/commons/commons-parent/58/commons-parent-58.pom
Downloaded from central: https://repo.maven.apache.org/maven2/org/apache/commons/commons-parent/58/commons-parent-58.pom (83 kB at 1.2 MB/s)
Downloading from central: https://repo.maven.apache.org/maven2/org/vafer/jdependency/2.8.0/jdependency-2.8.0.pom
Downloaded from central: https://repo.maven.apache.org/maven2/org/vafer/jdependency/2.8.0/jdependency-2.8.0.pom (14 kB at 178 kB/s)
Downloading from central: https://repo.maven.apache.org/maven2/org/springframework/boot/spring-boot-buildpack-platform/3.3.11/spring-boot-buildpack-platform-3.3.11.jar
Downloaded from central: https://repo.maven.apache.org/maven2/org/springframework/boot/spring-boot-buildpack-platform/3.3.11/spring-boot-buildpack-platform-3.3.11.jar (297 kB at 2.5 MB/s)
Downloading from central: https://repo.maven.apache.org/maven2/com/fasterxml/jackson/core/jackson-databind/2.14.2/jackson-databind-2.14.2.jar
Downloading from central: https://repo.maven.apache.org/maven2/com/fasterxml/jackson/core/jackson-annotations/2.14.2/jackson-annotations-2.14.2.jar
Downloading from central: https://repo.maven.apache.org/maven2/com/fasterxml/jackson/core/jackson-core/2.14.2/jackson-core-2.14.2.jar
Downloading from central: https://repo.maven.apache.org/maven2/net/java/dev/jna/jna-platform/5.13.0/jna-platform-5.13.0.jar
Downloading from central: https://repo.maven.apache.org/maven2/com/fasterxml/jackson/module/jackson-module-parameter-names/2.14.2/jackson-module-parameter-names-2.14.2.jar
Downloaded from central: https://repo.maven.apache.org/maven2/com/fasterxml/jackson/module/jackson-module-parameter-names/2.14.2/jackson-module-parameter-names-2.14.2.jar (9.5 kB at 82 kB/s)
Downloading from central: https://repo.maven.apache.org/maven2/org/apache/commons/commons-compress/1.25.0/commons-compress-1.25.0.jar
Downloaded from central: https://repo.maven.apache.org/maven2/com/fasterxml/jackson/core/jackson-annotations/2.14.2/jackson-annotations-2.14.2.jar (77 kB at 532 kB/s)
Downloading from central: https://repo.maven.apache.org/maven2/org/apache/httpcomponents/client5/httpclient5/5.3.1/httpclient5-5.3.1.jar
Downloaded from central: https://repo.maven.apache.org/maven2/org/apache/httpcomponents/client5/httpclient5/5.3.1/httpclient5-5.3.1.jar (862 kB at 1.1 MB/s)
Downloading from central: https://repo.maven.apache.org/maven2/org/apache/httpcomponents/core5/httpcore5/5.2.4/httpcore5-5.2.4.jar
Downloaded from central: https://repo.maven.apache.org/maven2/com/fasterxml/jackson/core/jackson-core/2.14.2/jackson-core-2.14.2.jar (459 kB at 508 kB/s)
Downloading from central: https://repo.maven.apache.org/maven2/org/apache/httpcomponents/core5/httpcore5-h2/5.2.4/httpcore5-h2-5.2.4.jar
Downloaded from central: https://repo.maven.apache.org/maven2/net/java/dev/jna/jna-platform/5.13.0/jna-platform-5.13.0.jar (1.4 MB at 1.4 MB/s)
Downloading from central: https://repo.maven.apache.org/maven2/org/tomlj/tomlj/1.0.0/tomlj-1.0.0.jar
Downloaded from central: https://repo.maven.apache.org/maven2/org/tomlj/tomlj/1.0.0/tomlj-1.0.0.jar (157 kB at 121 kB/s)
Downloading from central: https://repo.maven.apache.org/maven2/org/antlr/antlr4-runtime/4.7.2/antlr4-runtime-4.7.2.jar
Downloaded from central: https://repo.maven.apache.org/maven2/org/apache/httpcomponents/core5/httpcore5/5.2.4/httpcore5-5.2.4.jar (855 kB at 605 kB/s)
Downloading from central: https://repo.maven.apache.org/maven2/org/springframework/boot/spring-boot-loader-tools/3.3.11/spring-boot-loader-tools-3.3.11.jar
Downloaded from central: https://repo.maven.apache.org/maven2/org/apache/commons/commons-compress/1.25.0/commons-compress-1.25.0.jar (1.1 MB at 696 kB/s)
Downloading from central: https://repo.maven.apache.org/maven2/org/apache/maven/shared/maven-common-artifact-filters/3.3.2/maven-common-artifact-filters-3.3.2.jar
Downloaded from central: https://repo.maven.apache.org/maven2/org/apache/httpcomponents/core5/httpcore5-h2/5.2.4/httpcore5-h2-5.2.4.jar (237 kB at 151 kB/s)
Downloading from central: https://repo.maven.apache.org/maven2/org/springframework/spring-core/6.1.19/spring-core-6.1.19.jar
Downloaded from central: https://repo.maven.apache.org/maven2/org/springframework/boot/spring-boot-loader-tools/3.3.11/spring-boot-loader-tools-3.3.11.jar (465 kB at 251 kB/s)
Downloading from central: https://repo.maven.apache.org/maven2/org/springframework/spring-jcl/6.1.19/spring-jcl-6.1.19.jar
Downloaded from central: https://repo.maven.apache.org/maven2/com/fasterxml/jackson/core/jackson-databind/2.14.2/jackson-databind-2.14.2.jar (1.6 MB at 867 kB/s)
Downloading from central: https://repo.maven.apache.org/maven2/org/springframework/spring-context/6.1.19/spring-context-6.1.19.jar
Downloaded from central: https://repo.maven.apache.org/maven2/org/apache/maven/shared/maven-common-artifact-filters/3.3.2/maven-common-artifact-filters-3.3.2.jar (58 kB at 31 kB/s)
Downloading from central: https://repo.maven.apache.org/maven2/org/springframework/spring-aop/6.1.19/spring-aop-6.1.19.jar
Downloaded from central: https://repo.maven.apache.org/maven2/org/antlr/antlr4-runtime/4.7.2/antlr4-runtime-4.7.2.jar (338 kB at 177 kB/s)
Downloading from central: https://repo.maven.apache.org/maven2/org/springframework/spring-beans/6.1.19/spring-beans-6.1.19.jar
Downloaded from central: https://repo.maven.apache.org/maven2/org/springframework/spring-jcl/6.1.19/spring-jcl-6.1.19.jar (25 kB at 12 kB/s)
Downloading from central: https://repo.maven.apache.org/maven2/org/springframework/spring-expression/6.1.19/spring-expression-6.1.19.jar
Downloaded from central: https://repo.maven.apache.org/maven2/org/springframework/spring-aop/6.1.19/spring-aop-6.1.19.jar (419 kB at 193 kB/s)
Downloading from central: https://repo.maven.apache.org/maven2/io/micrometer/micrometer-commons/1.12.12/micrometer-commons-1.12.12.jar
Downloaded from central: https://repo.maven.apache.org/maven2/io/micrometer/micrometer-commons/1.12.12/micrometer-commons-1.12.12.jar (47 kB at 20 kB/s)
Downloading from central: https://repo.maven.apache.org/maven2/org/apache/maven/plugins/maven-shade-plugin/3.5.0/maven-shade-plugin-3.5.0.jar
Downloaded from central: https://repo.maven.apache.org/maven2/org/springframework/spring-expression/6.1.19/spring-expression-6.1.19.jar (305 kB at 116 kB/s)
Downloading from central: https://repo.maven.apache.org/maven2/org/ow2/asm/asm/9.5/asm-9.5.jar
Downloaded from central: https://repo.maven.apache.org/maven2/org/apache/maven/plugins/maven-shade-plugin/3.5.0/maven-shade-plugin-3.5.0.jar (147 kB at 53 kB/s)
Downloading from central: https://repo.maven.apache.org/maven2/org/ow2/asm/asm-commons/9.5/asm-commons-9.5.jar
Downloaded from central: https://repo.maven.apache.org/maven2/org/ow2/asm/asm/9.5/asm-9.5.jar (122 kB at 39 kB/s)
Downloading from central: https://repo.maven.apache.org/maven2/org/ow2/asm/asm-tree/9.5/asm-tree-9.5.jar
Downloaded from central: https://repo.maven.apache.org/maven2/org/springframework/spring-beans/6.1.19/spring-beans-6.1.19.jar (864 kB at 274 kB/s)
Downloading from central: https://repo.maven.apache.org/maven2/org/jdom/jdom2/2.0.6.1/jdom2-2.0.6.1.jar
Downloaded from central: https://repo.maven.apache.org/maven2/org/ow2/asm/asm-commons/9.5/asm-commons-9.5.jar (72 kB at 23 kB/s)
Downloading from central: https://repo.maven.apache.org/maven2/org/apache/maven/shared/maven-dependency-tree/3.2.1/maven-dependency-tree-3.2.1.jar
Downloaded from central: https://repo.maven.apache.org/maven2/org/springframework/spring-context/6.1.19/spring-context-6.1.19.jar (1.3 MB at 398 kB/s)
Downloading from central: https://repo.maven.apache.org/maven2/commons-io/commons-io/2.13.0/commons-io-2.13.0.jar
Downloaded from central: https://repo.maven.apache.org/maven2/org/ow2/asm/asm-tree/9.5/asm-tree-9.5.jar (52 kB at 16 kB/s)
Downloading from central: https://repo.maven.apache.org/maven2/org/vafer/jdependency/2.8.0/jdependency-2.8.0.jar
Downloaded from central: https://repo.maven.apache.org/maven2/org/apache/maven/shared/maven-dependency-tree/3.2.1/maven-dependency-tree-3.2.1.jar (43 kB at 13 kB/s)
Downloaded from central: https://repo.maven.apache.org/maven2/org/vafer/jdependency/2.8.0/jdependency-2.8.0.jar (233 kB at 67 kB/s)
Downloaded from central: https://repo.maven.apache.org/maven2/commons-io/commons-io/2.13.0/commons-io-2.13.0.jar (484 kB at 135 kB/s)
Downloaded from central: https://repo.maven.apache.org/maven2/org/jdom/jdom2/2.0.6.1/jdom2-2.0.6.1.jar (328 kB at 90 kB/s)
Downloaded from central: https://repo.maven.apache.org/maven2/org/springframework/spring-core/6.1.19/spring-core-6.1.19.jar (1.9 MB at 355 kB/s)
[INFO] Attaching agents: []

  .   ____          _            __ _ _
 /\\ / ___'_ __ _ _(_)_ __  __ _ \ \ \ \
( ( )\___ | '_ | '_| | '_ \/ _` | \ \ \ \
 \\/  ___)| |_)| | | | | || (_| |  ) ) ) )
  '  |____| .__|_| |_|_| |_\__, | / / / /
 =========|_|==============|___/=/_/_/_/

 :: Spring Boot ::               (v3.3.11)

2026-07-28T16:47:16.342+05:30  INFO 22496 --- [           main] ca.uhn.fhir.jpa.starter.Application      : Starting Application using Java 21.0.8 with PID 22496 (C:\githubrepos\sayan801\hapi-fhir-jpaserver-starter\target\classes started by Technicise Laptop 2 in C:\githubrepos\sayan801\hapi-fhir-jpaserver-starter)
2026-07-28T16:47:16.346+05:30  INFO 22496 --- [           main] ca.uhn.fhir.jpa.starter.Application      : No active profile set, falling back to 1 default profile: "default"
2026-07-28T16:47:17.916+05:30  INFO 22496 --- [           main] .s.d.r.c.RepositoryConfigurationDelegate : Bootstrapping Spring Data JPA repositories in DEFAULT mode.
2026-07-28T16:47:18.428+05:30  INFO 22496 --- [           main] .s.d.r.c.RepositoryConfigurationDelegate : Finished Spring Data repository scanning in 502 ms. Found 54 JPA repository interfaces.
2026-07-28T16:47:20.348+05:30  WARN 22496 --- [           main] trationDelegate$BeanPostProcessorChecker : Bean 'ca.uhn.fhir.jpa.config.BeanPostProcessorConfig' of type [ca.uhn.fhir.jpa.config.BeanPostProcessorConfig$$SpringCGLIB$$0] is not eligible for getting processed by all BeanPostProcessors (for example: not eligible for auto-proxying). The currently created BeanPostProcessor [persistenceExceptionTranslationPostProcessor] is declared through a non-static factory method on that class; consider declaring it as static instead.
2026-07-28T16:47:21.107+05:30  INFO 22496 --- [           main] o.s.b.w.embedded.tomcat.TomcatWebServer  : Tomcat initialized with port 8080 (http)
2026-07-28T16:47:21.146+05:30  INFO 22496 --- [           main] o.apache.catalina.core.StandardService   : Starting service [Tomcat]
2026-07-28T16:47:21.146+05:30  INFO 22496 --- [           main] o.apache.catalina.core.StandardEngine    : Starting Servlet engine: [Apache Tomcat/10.1.40]
2026-07-28T16:47:21.416+05:30  INFO 22496 --- [           main] o.a.c.c.C.[Tomcat].[localhost].[/]       : Initializing Spring embedded WebApplicationContext
2026-07-28T16:47:21.417+05:30  INFO 22496 --- [           main] w.s.c.ServletWebServerApplicationContext : Root WebApplicationContext: initialization completed in 4992 ms
2026-07-28T16:47:21.644+05:30  INFO 22496 --- [           main] ca.uhn.fhir.util.VersionUtil             : HAPI FHIR version 8.4.0 - Rev ff83cebd7f
2026-07-28T16:47:21.652+05:30  INFO 22496 --- [           main] ca.uhn.fhir.context.FhirContext          : Creating new FHIR context for FHIR version [R4]
2026-07-28T16:47:21.710+05:30  INFO 22496 --- [           main] c.u.f.j.s.common.FhirServerConfigCommon  : Server configured to allow contains searches
2026-07-28T16:47:21.710+05:30  INFO 22496 --- [           main] c.u.f.j.s.common.FhirServerConfigCommon  : Server configured to deny multiple deletes
2026-07-28T16:47:21.710+05:30  INFO 22496 --- [           main] c.u.f.j.s.common.FhirServerConfigCommon  : Server configured to deny external references
2026-07-28T16:47:21.710+05:30  INFO 22496 --- [           main] c.u.f.j.s.common.FhirServerConfigCommon  : Server configured to enable DAO scheduling
2026-07-28T16:47:21.712+05:30  INFO 22496 --- [           main] c.u.f.j.s.common.FhirServerConfigCommon  : Server configured to disable delete expunges
2026-07-28T16:47:21.712+05:30  INFO 22496 --- [           main] c.u.f.j.s.common.FhirServerConfigCommon  : Server configured to enable expunges
2026-07-28T16:47:21.712+05:30  INFO 22496 --- [           main] c.u.f.j.s.common.FhirServerConfigCommon  : Server configured to allow overriding default search params
2026-07-28T16:47:21.712+05:30  INFO 22496 --- [           main] c.u.f.j.s.common.FhirServerConfigCommon  : Server configured to disable auto-creating placeholder references
2026-07-28T16:47:21.713+05:30  INFO 22496 --- [           main] c.u.f.j.s.common.FhirServerConfigCommon  : Server configured to auto-version references at paths []
2026-07-28T16:47:21.713+05:30  INFO 22496 --- [           main] c.u.f.j.s.common.FhirServerConfigCommon  : Server configured to enable value set pre-expansion
2026-07-28T16:47:21.713+05:30  INFO 22496 --- [           main] c.u.f.j.s.common.FhirServerConfigCommon  : Server configured to enable value set pre-expansion task
2026-07-28T16:47:21.714+05:30  INFO 22496 --- [           main] c.u.f.j.s.common.FhirServerConfigCommon  : Server configured for pre-expand value set default count of 1000
2026-07-28T16:47:21.714+05:30  INFO 22496 --- [           main] c.u.f.j.s.common.FhirServerConfigCommon  : Server configured for pre-expand value set max count of 1000
2026-07-28T16:47:21.714+05:30  INFO 22496 --- [           main] c.u.f.j.s.common.FhirServerConfigCommon  : Server configured for maximum expansion size of 1000
2026-07-28T16:47:21.762+05:30  INFO 22496 --- [           main] c.u.f.j.s.common.FhirServerConfigCommon  : Server configured to have a maximum fetch size of 'unlimited'
2026-07-28T16:47:21.763+05:30  INFO 22496 --- [           main] c.u.f.j.s.common.FhirServerConfigCommon  : Server configured to cache search results for 60000 milliseconds
2026-07-28T16:47:21.763+05:30  INFO 22496 --- [           main] c.u.f.j.s.common.FhirServerConfigCommon  : Server configured to use 'ALPHANUMERIC' Client ID Strategy
2026-07-28T16:47:21.800+05:30  INFO 22496 --- [           main] c.u.f.j.s.common.FhirServerConfigCommon  : Partitioning is not enabled on this server
2026-07-28T16:47:21.929+05:30  INFO 22496 --- [           main] o.hibernate.jpa.internal.util.LogHelper  : HHH000204: Processing PersistenceUnitInfo [name: HAPI_PU]
2026-07-28T16:47:22.082+05:30  INFO 22496 --- [           main] org.hibernate.Version                    : HHH000412: Hibernate ORM core version 6.6.4.Final
2026-07-28T16:47:22.107+05:30  INFO 22496 --- [           main] .f.j.l.FilteringSqlLoggerImplContributor : Adding service: SqlStatementFilteringLogger
2026-07-28T16:47:22.174+05:30  INFO 22496 --- [           main] o.h.c.internal.RegionFactoryInitiator    : HHH000026: Second-level cache disabled
2026-07-28T16:47:22.381+05:30  INFO 22496 --- [           main] o.h.e.boot.internal.EnversServiceImpl    : Envers integration enabled? : true
2026-07-28T16:47:22.796+05:30  INFO 22496 --- [           main] o.s.o.j.p.SpringPersistenceUnitInfo      : No LoadTimeWeaver setup: ignoring JPA class transformer
2026-07-28T16:47:22.852+05:30  INFO 22496 --- [           main] com.zaxxer.hikari.HikariDataSource       : HikariPool-1 - Starting...
2026-07-28T16:47:24.433+05:30 ERROR 22496 --- [           main] com.zaxxer.hikari.pool.HikariPool        : HikariPool-1 - Exception during pool initialization.

org.postgresql.util.PSQLException: FATAL: password authentication failed for user "user"
        at org.postgresql.core.v3.ConnectionFactoryImpl.doAuthentication(ConnectionFactoryImpl.java:777)
        at org.postgresql.core.v3.ConnectionFactoryImpl.tryConnect(ConnectionFactoryImpl.java:234)
        at org.postgresql.core.v3.ConnectionFactoryImpl.openConnectionImpl(ConnectionFactoryImpl.java:289)
        at org.postgresql.core.ConnectionFactory.openConnection(ConnectionFactory.java:57)
        at org.postgresql.jdbc.PgConnection.<init>(PgConnection.java:277)
        at org.postgresql.Driver.makeConnection(Driver.java:448)
        at org.postgresql.Driver.connect(Driver.java:298)
        at com.zaxxer.hikari.util.DriverDataSource.getConnection(DriverDataSource.java:138)
        at com.zaxxer.hikari.pool.PoolBase.newConnection(PoolBase.java:359)
        at com.zaxxer.hikari.pool.PoolBase.newPoolEntry(PoolBase.java:201)
        at com.zaxxer.hikari.pool.HikariPool.createPoolEntry(HikariPool.java:470)
        at com.zaxxer.hikari.pool.HikariPool.checkFailFast(HikariPool.java:561)
        at com.zaxxer.hikari.pool.HikariPool.<init>(HikariPool.java:100)
        at com.zaxxer.hikari.HikariDataSource.getConnection(HikariDataSource.java:112)
        at org.hibernate.engine.jdbc.connections.internal.DatasourceConnectionProviderImpl.getConnection(DatasourceConnectionProviderImpl.java:126)
        at org.hibernate.engine.jdbc.env.internal.JdbcEnvironmentInitiator$ConnectionProviderJdbcConnectionAccess.obtainConnection(JdbcEnvironmentInitiator.java:467)
        at org.hibernate.resource.transaction.backend.jdbc.internal.JdbcIsolationDelegate.delegateWork(JdbcIsolationDelegate.java:61)
        at org.hibernate.engine.jdbc.env.internal.JdbcEnvironmentInitiator.getJdbcEnvironmentUsingJdbcMetadata(JdbcEnvironmentInitiator.java:320)
        at org.hibernate.engine.jdbc.env.internal.JdbcEnvironmentInitiator.initiateService(JdbcEnvironmentInitiator.java:129)
        at org.hibernate.engine.jdbc.env.internal.JdbcEnvironmentInitiator.initiateService(JdbcEnvironmentInitiator.java:81)
        at org.hibernate.boot.registry.internal.StandardServiceRegistryImpl.initiateService(StandardServiceRegistryImpl.java:130)
        at org.hibernate.service.internal.AbstractServiceRegistryImpl.createService(AbstractServiceRegistryImpl.java:263)
        at org.hibernate.service.internal.AbstractServiceRegistryImpl.initializeService(AbstractServiceRegistryImpl.java:238)
        at org.hibernate.service.internal.AbstractServiceRegistryImpl.getService(AbstractServiceRegistryImpl.java:215)
        at org.hibernate.boot.model.relational.Database.<init>(Database.java:45)
        at org.hibernate.boot.internal.InFlightMetadataCollectorImpl.getDatabase(InFlightMetadataCollectorImpl.java:226)
        at org.hibernate.boot.internal.InFlightMetadataCollectorImpl.<init>(InFlightMetadataCollectorImpl.java:194)
        at org.hibernate.boot.model.process.spi.MetadataBuildingProcess.complete(MetadataBuildingProcess.java:171)
        at org.hibernate.jpa.boot.internal.EntityManagerFactoryBuilderImpl.metadata(EntityManagerFactoryBuilderImpl.java:1431)
        at org.hibernate.jpa.boot.internal.EntityManagerFactoryBuilderImpl.build(EntityManagerFactoryBuilderImpl.java:1502)
        at org.hibernate.jpa.HibernatePersistenceProvider.createContainerEntityManagerFactory(HibernatePersistenceProvider.java:142)
        at org.springframework.orm.jpa.LocalContainerEntityManagerFactoryBean.createNativeEntityManagerFactory(LocalContainerEntityManagerFactoryBean.java:390)
        at org.springframework.orm.jpa.AbstractEntityManagerFactoryBean.buildNativeEntityManagerFactory(AbstractEntityManagerFactoryBean.java:409)
        at org.springframework.orm.jpa.AbstractEntityManagerFactoryBean.afterPropertiesSet(AbstractEntityManagerFactoryBean.java:396)
        at org.springframework.orm.jpa.LocalContainerEntityManagerFactoryBean.afterPropertiesSet(LocalContainerEntityManagerFactoryBean.java:366)
        at org.springframework.beans.factory.support.AbstractAutowireCapableBeanFactory.invokeInitMethods(AbstractAutowireCapableBeanFactory.java:1853)
        at org.springframework.beans.factory.support.AbstractAutowireCapableBeanFactory.initializeBean(AbstractAutowireCapableBeanFactory.java:1802)
        at org.springframework.beans.factory.support.AbstractAutowireCapableBeanFactory.doCreateBean(AbstractAutowireCapableBeanFactory.java:600)
        at org.springframework.beans.factory.support.AbstractAutowireCapableBeanFactory.createBean(AbstractAutowireCapableBeanFactory.java:522)
        at org.springframework.beans.factory.support.AbstractBeanFactory.lambda$doGetBean$0(AbstractBeanFactory.java:337)
        at org.springframework.beans.factory.support.DefaultSingletonBeanRegistry.getSingleton(DefaultSingletonBeanRegistry.java:234)
        at org.springframework.beans.factory.support.AbstractBeanFactory.doGetBean(AbstractBeanFactory.java:335)
        at org.springframework.beans.factory.support.AbstractBeanFactory.getBean(AbstractBeanFactory.java:225)
        at org.springframework.beans.factory.support.DefaultListableBeanFactory.resolveNamedBean(DefaultListableBeanFactory.java:1328)
        at org.springframework.beans.factory.support.DefaultListableBeanFactory.resolveNamedBean(DefaultListableBeanFactory.java:1289)
        at org.springframework.beans.factory.support.DefaultListableBeanFactory.resolveNamedBean(DefaultListableBeanFactory.java:1257)
        at org.springframework.orm.jpa.support.PersistenceAnnotationBeanPostProcessor.findDefaultEntityManagerFactory(PersistenceAnnotationBeanPostProcessor.java:593)
        at org.springframework.orm.jpa.support.PersistenceAnnotationBeanPostProcessor.findEntityManagerFactory(PersistenceAnnotationBeanPostProcessor.java:557)
        at org.springframework.orm.jpa.support.PersistenceAnnotationBeanPostProcessor$PersistenceElement.resolveEntityManager(PersistenceAnnotationBeanPostProcessor.java:724)
        at org.springframework.orm.jpa.support.PersistenceAnnotationBeanPostProcessor$PersistenceElement.getResourceToInject(PersistenceAnnotationBeanPostProcessor.java:697)
        at org.springframework.beans.factory.annotation.InjectionMetadata$InjectedElement.inject(InjectionMetadata.java:270)
        at org.springframework.beans.factory.annotation.InjectionMetadata.inject(InjectionMetadata.java:145)
        at org.springframework.orm.jpa.support.PersistenceAnnotationBeanPostProcessor.postProcessProperties(PersistenceAnnotationBeanPostProcessor.java:385)
        at org.springframework.beans.factory.support.AbstractAutowireCapableBeanFactory.populateBean(AbstractAutowireCapableBeanFactory.java:1439)
        at org.springframework.beans.factory.support.AbstractAutowireCapableBeanFactory.doCreateBean(AbstractAutowireCapableBeanFactory.java:599)
        at org.springframework.beans.factory.support.AbstractAutowireCapableBeanFactory.createBean(AbstractAutowireCapableBeanFactory.java:522)
        at org.springframework.beans.factory.support.AbstractBeanFactory.lambda$doGetBean$0(AbstractBeanFactory.java:337)
        at org.springframework.beans.factory.support.DefaultSingletonBeanRegistry.getSingleton(DefaultSingletonBeanRegistry.java:234)
        at org.springframework.beans.factory.support.AbstractBeanFactory.doGetBean(AbstractBeanFactory.java:335)
        at org.springframework.beans.factory.support.AbstractBeanFactory.getBean(AbstractBeanFactory.java:200)
        at org.springframework.beans.factory.config.DependencyDescriptor.resolveCandidate(DependencyDescriptor.java:254)
        at org.springframework.beans.factory.support.DefaultListableBeanFactory.doResolveDependency(DefaultListableBeanFactory.java:1448)
        at org.springframework.beans.factory.support.DefaultListableBeanFactory.resolveDependency(DefaultListableBeanFactory.java:1358)
        at org.springframework.beans.factory.support.ConstructorResolver.resolveAutowiredArgument(ConstructorResolver.java:904)
        at org.springframework.beans.factory.support.ConstructorResolver.createArgumentArray(ConstructorResolver.java:782)
        at org.springframework.beans.factory.support.ConstructorResolver.instantiateUsingFactoryMethod(ConstructorResolver.java:542)
        at org.springframework.beans.factory.support.AbstractAutowireCapableBeanFactory.instantiateUsingFactoryMethod(AbstractAutowireCapableBeanFactory.java:1355)
        at org.springframework.beans.factory.support.AbstractAutowireCapableBeanFactory.createBeanInstance(AbstractAutowireCapableBeanFactory.java:1185)
        at org.springframework.beans.factory.support.AbstractAutowireCapableBeanFactory.doCreateBean(AbstractAutowireCapableBeanFactory.java:562)
        at org.springframework.beans.factory.support.AbstractAutowireCapableBeanFactory.createBean(AbstractAutowireCapableBeanFactory.java:522)
        at org.springframework.beans.factory.support.AbstractBeanFactory.lambda$doGetBean$0(AbstractBeanFactory.java:337)
        at org.springframework.beans.factory.support.DefaultSingletonBeanRegistry.getSingleton(DefaultSingletonBeanRegistry.java:234)
        at org.springframework.beans.factory.support.AbstractBeanFactory.doGetBean(AbstractBeanFactory.java:335)
        at org.springframework.beans.factory.support.AbstractBeanFactory.getBean(AbstractBeanFactory.java:200)
        at org.springframework.beans.factory.config.DependencyDescriptor.resolveCandidate(DependencyDescriptor.java:254)
        at org.springframework.beans.factory.support.DefaultListableBeanFactory.doResolveDependency(DefaultListableBeanFactory.java:1448)
        at org.springframework.beans.factory.support.DefaultListableBeanFactory.resolveDependency(DefaultListableBeanFactory.java:1358)
        at org.springframework.beans.factory.support.ConstructorResolver.resolveAutowiredArgument(ConstructorResolver.java:904)
        at org.springframework.beans.factory.support.ConstructorResolver.createArgumentArray(ConstructorResolver.java:782)
        at org.springframework.beans.factory.support.ConstructorResolver.instantiateUsingFactoryMethod(ConstructorResolver.java:542)
        at org.springframework.beans.factory.support.AbstractAutowireCapableBeanFactory.instantiateUsingFactoryMethod(AbstractAutowireCapableBeanFactory.java:1355)
        at org.springframework.beans.factory.support.AbstractAutowireCapableBeanFactory.createBeanInstance(AbstractAutowireCapableBeanFactory.java:1185)
        at org.springframework.beans.factory.support.AbstractAutowireCapableBeanFactory.doCreateBean(AbstractAutowireCapableBeanFactory.java:562)
        at org.springframework.beans.factory.support.AbstractAutowireCapableBeanFactory.createBean(AbstractAutowireCapableBeanFactory.java:522)
        at org.springframework.beans.factory.support.AbstractBeanFactory.lambda$doGetBean$0(AbstractBeanFactory.java:337)
        at org.springframework.beans.factory.support.DefaultSingletonBeanRegistry.getSingleton(DefaultSingletonBeanRegistry.java:234)
        at org.springframework.beans.factory.support.AbstractBeanFactory.doGetBean(AbstractBeanFactory.java:335)
        at org.springframework.beans.factory.support.AbstractBeanFactory.getBean(AbstractBeanFactory.java:205)
        at org.springframework.boot.web.servlet.ServletContextInitializerBeans.getOrderedBeansOfType(ServletContextInitializerBeans.java:211)
        at org.springframework.boot.web.servlet.ServletContextInitializerBeans.getOrderedBeansOfType(ServletContextInitializerBeans.java:202)
        at org.springframework.boot.web.servlet.ServletContextInitializerBeans.addServletContextInitializerBeans(ServletContextInitializerBeans.java:97)
        at org.springframework.boot.web.servlet.ServletContextInitializerBeans.<init>(ServletContextInitializerBeans.java:86)
        at org.springframework.boot.web.servlet.context.ServletWebServerApplicationContext.getServletContextInitializerBeans(ServletWebServerApplicationContext.java:271)
        at org.springframework.boot.web.servlet.context.ServletWebServerApplicationContext.selfInitialize(ServletWebServerApplicationContext.java:245)
        at org.springframework.boot.web.embedded.tomcat.TomcatStarter.onStartup(TomcatStarter.java:52)
        at org.apache.catalina.core.StandardContext.startInternal(StandardContext.java:4464)
        at org.apache.catalina.util.LifecycleBase.start(LifecycleBase.java:164)
        at org.apache.catalina.core.ContainerBase$StartChild.call(ContainerBase.java:1203)
        at org.apache.catalina.core.ContainerBase$StartChild.call(ContainerBase.java:1193)
        at java.base/java.util.concurrent.FutureTask.run(FutureTask.java:317)
        at org.apache.tomcat.util.threads.InlineExecutorService.execute(InlineExecutorService.java:75)
        at java.base/java.util.concurrent.AbstractExecutorService.submit(AbstractExecutorService.java:145)
        at org.apache.catalina.core.ContainerBase.startInternal(ContainerBase.java:749)
        at org.apache.catalina.core.StandardHost.startInternal(StandardHost.java:772)
        at org.apache.catalina.util.LifecycleBase.start(LifecycleBase.java:164)
        at org.apache.catalina.core.ContainerBase$StartChild.call(ContainerBase.java:1203)
        at org.apache.catalina.core.ContainerBase$StartChild.call(ContainerBase.java:1193)
        at java.base/java.util.concurrent.FutureTask.run(FutureTask.java:317)
        at org.apache.tomcat.util.threads.InlineExecutorService.execute(InlineExecutorService.java:75)
        at java.base/java.util.concurrent.AbstractExecutorService.submit(AbstractExecutorService.java:145)
        at org.apache.catalina.core.ContainerBase.startInternal(ContainerBase.java:749)
        at org.apache.catalina.core.StandardEngine.startInternal(StandardEngine.java:203)
        at org.apache.catalina.util.LifecycleBase.start(LifecycleBase.java:164)
        at org.apache.catalina.core.StandardService.startInternal(StandardService.java:412)
        at org.apache.catalina.util.LifecycleBase.start(LifecycleBase.java:164)
        at org.apache.catalina.core.StandardServer.startInternal(StandardServer.java:870)
        at org.apache.catalina.util.LifecycleBase.start(LifecycleBase.java:164)
        at org.apache.catalina.startup.Tomcat.start(Tomcat.java:438)
        at org.springframework.boot.web.embedded.tomcat.TomcatWebServer.initialize(TomcatWebServer.java:128)
        at org.springframework.boot.web.embedded.tomcat.TomcatWebServer.<init>(TomcatWebServer.java:107)
        at org.springframework.boot.web.embedded.tomcat.TomcatServletWebServerFactory.getTomcatWebServer(TomcatServletWebServerFactory.java:520)
        at org.springframework.boot.web.embedded.tomcat.TomcatServletWebServerFactory.getWebServer(TomcatServletWebServerFactory.java:222)
        at org.springframework.boot.web.servlet.context.ServletWebServerApplicationContext.createWebServer(ServletWebServerApplicationContext.java:193)
        at org.springframework.boot.web.servlet.context.ServletWebServerApplicationContext.onRefresh(ServletWebServerApplicationContext.java:167)
        at org.springframework.context.support.AbstractApplicationContext.refresh(AbstractApplicationContext.java:619)
        at org.springframework.boot.web.servlet.context.ServletWebServerApplicationContext.refresh(ServletWebServerApplicationContext.java:146)
        at org.springframework.boot.SpringApplication.refresh(SpringApplication.java:755)
        at org.springframework.boot.SpringApplication.refreshContext(SpringApplication.java:456)
        at org.springframework.boot.SpringApplication.run(SpringApplication.java:335)
        at org.springframework.boot.SpringApplication.run(SpringApplication.java:1364)
        at org.springframework.boot.SpringApplication.run(SpringApplication.java:1353)
        at ca.uhn.fhir.jpa.starter.Application.main(Application.java:46)

2026-07-28T16:47:24.442+05:30  WARN 22496 --- [           main] o.h.engine.jdbc.spi.SqlExceptionHelper   : SQL Error: 0, SQLState: 28P01
2026-07-28T16:47:24.443+05:30 ERROR 22496 --- [           main] o.h.engine.jdbc.spi.SqlExceptionHelper   : FATAL: password authentication failed for user "user"
2026-07-28T16:47:24.444+05:30  WARN 22496 --- [           main] o.h.e.j.e.i.JdbcEnvironmentInitiator     : HHH000342: Could not obtain connection to query metadata

org.hibernate.exception.GenericJDBCException: unable to obtain isolated JDBC connection [FATAL: password authentication failed for user "user"] [n/a]
        at org.hibernate.exception.internal.StandardSQLExceptionConverter.convert(StandardSQLExceptionConverter.java:63)
        at org.hibernate.engine.jdbc.spi.SqlExceptionHelper.convert(SqlExceptionHelper.java:108)
        at org.hibernate.engine.jdbc.spi.SqlExceptionHelper.convert(SqlExceptionHelper.java:94)
        at org.hibernate.resource.transaction.backend.jdbc.internal.JdbcIsolationDelegate.delegateWork(JdbcIsolationDelegate.java:116)
        at org.hibernate.engine.jdbc.env.internal.JdbcEnvironmentInitiator.getJdbcEnvironmentUsingJdbcMetadata(JdbcEnvironmentInitiator.java:320)
        at org.hibernate.engine.jdbc.env.internal.JdbcEnvironmentInitiator.initiateService(JdbcEnvironmentInitiator.java:129)
        at org.hibernate.engine.jdbc.env.internal.JdbcEnvironmentInitiator.initiateService(JdbcEnvironmentInitiator.java:81)
        at org.hibernate.boot.registry.internal.StandardServiceRegistryImpl.initiateService(StandardServiceRegistryImpl.java:130)
        at org.hibernate.service.internal.AbstractServiceRegistryImpl.createService(AbstractServiceRegistryImpl.java:263)
        at org.hibernate.service.internal.AbstractServiceRegistryImpl.initializeService(AbstractServiceRegistryImpl.java:238)
        at org.hibernate.service.internal.AbstractServiceRegistryImpl.getService(AbstractServiceRegistryImpl.java:215)
        at org.hibernate.boot.model.relational.Database.<init>(Database.java:45)
        at org.hibernate.boot.internal.InFlightMetadataCollectorImpl.getDatabase(InFlightMetadataCollectorImpl.java:226)
        at org.hibernate.boot.internal.InFlightMetadataCollectorImpl.<init>(InFlightMetadataCollectorImpl.java:194)
        at org.hibernate.boot.model.process.spi.MetadataBuildingProcess.complete(MetadataBuildingProcess.java:171)
        at org.hibernate.jpa.boot.internal.EntityManagerFactoryBuilderImpl.metadata(EntityManagerFactoryBuilderImpl.java:1431)
        at org.hibernate.jpa.boot.internal.EntityManagerFactoryBuilderImpl.build(EntityManagerFactoryBuilderImpl.java:1502)
        at org.hibernate.jpa.HibernatePersistenceProvider.createContainerEntityManagerFactory(HibernatePersistenceProvider.java:142)
        at org.springframework.orm.jpa.LocalContainerEntityManagerFactoryBean.createNativeEntityManagerFactory(LocalContainerEntityManagerFactoryBean.java:390)
        at org.springframework.orm.jpa.AbstractEntityManagerFactoryBean.buildNativeEntityManagerFactory(AbstractEntityManagerFactoryBean.java:409)
        at org.springframework.orm.jpa.AbstractEntityManagerFactoryBean.afterPropertiesSet(AbstractEntityManagerFactoryBean.java:396)
        at org.springframework.orm.jpa.LocalContainerEntityManagerFactoryBean.afterPropertiesSet(LocalContainerEntityManagerFactoryBean.java:366)
        at org.springframework.beans.factory.support.AbstractAutowireCapableBeanFactory.invokeInitMethods(AbstractAutowireCapableBeanFactory.java:1853)
        at org.springframework.beans.factory.support.AbstractAutowireCapableBeanFactory.initializeBean(AbstractAutowireCapableBeanFactory.java:1802)
        at org.springframework.beans.factory.support.AbstractAutowireCapableBeanFactory.doCreateBean(AbstractAutowireCapableBeanFactory.java:600)
        at org.springframework.beans.factory.support.AbstractAutowireCapableBeanFactory.createBean(AbstractAutowireCapableBeanFactory.java:522)
        at org.springframework.beans.factory.support.AbstractBeanFactory.lambda$doGetBean$0(AbstractBeanFactory.java:337)
        at org.springframework.beans.factory.support.DefaultSingletonBeanRegistry.getSingleton(DefaultSingletonBeanRegistry.java:234)
        at org.springframework.beans.factory.support.AbstractBeanFactory.doGetBean(AbstractBeanFactory.java:335)
        at org.springframework.beans.factory.support.AbstractBeanFactory.getBean(AbstractBeanFactory.java:225)
        at org.springframework.beans.factory.support.DefaultListableBeanFactory.resolveNamedBean(DefaultListableBeanFactory.java:1328)
        at org.springframework.beans.factory.support.DefaultListableBeanFactory.resolveNamedBean(DefaultListableBeanFactory.java:1289)
        at org.springframework.beans.factory.support.DefaultListableBeanFactory.resolveNamedBean(DefaultListableBeanFactory.java:1257)
        at org.springframework.orm.jpa.support.PersistenceAnnotationBeanPostProcessor.findDefaultEntityManagerFactory(PersistenceAnnotationBeanPostProcessor.java:593)
        at org.springframework.orm.jpa.support.PersistenceAnnotationBeanPostProcessor.findEntityManagerFactory(PersistenceAnnotationBeanPostProcessor.java:557)
        at org.springframework.orm.jpa.support.PersistenceAnnotationBeanPostProcessor$PersistenceElement.resolveEntityManager(PersistenceAnnotationBeanPostProcessor.java:724)
        at org.springframework.orm.jpa.support.PersistenceAnnotationBeanPostProcessor$PersistenceElement.getResourceToInject(PersistenceAnnotationBeanPostProcessor.java:697)
        at org.springframework.beans.factory.annotation.InjectionMetadata$InjectedElement.inject(InjectionMetadata.java:270)
        at org.springframework.beans.factory.annotation.InjectionMetadata.inject(InjectionMetadata.java:145)
        at org.springframework.orm.jpa.support.PersistenceAnnotationBeanPostProcessor.postProcessProperties(PersistenceAnnotationBeanPostProcessor.java:385)
        at org.springframework.beans.factory.support.AbstractAutowireCapableBeanFactory.populateBean(AbstractAutowireCapableBeanFactory.java:1439)
        at org.springframework.beans.factory.support.AbstractAutowireCapableBeanFactory.doCreateBean(AbstractAutowireCapableBeanFactory.java:599)
        at org.springframework.beans.factory.support.AbstractAutowireCapableBeanFactory.createBean(AbstractAutowireCapableBeanFactory.java:522)
        at org.springframework.beans.factory.support.AbstractBeanFactory.lambda$doGetBean$0(AbstractBeanFactory.java:337)
        at org.springframework.beans.factory.support.DefaultSingletonBeanRegistry.getSingleton(DefaultSingletonBeanRegistry.java:234)
        at org.springframework.beans.factory.support.AbstractBeanFactory.doGetBean(AbstractBeanFactory.java:335)
        at org.springframework.beans.factory.support.AbstractBeanFactory.getBean(AbstractBeanFactory.java:200)
        at org.springframework.beans.factory.config.DependencyDescriptor.resolveCandidate(DependencyDescriptor.java:254)
        at org.springframework.beans.factory.support.DefaultListableBeanFactory.doResolveDependency(DefaultListableBeanFactory.java:1448)
        at org.springframework.beans.factory.support.DefaultListableBeanFactory.resolveDependency(DefaultListableBeanFactory.java:1358)
        at org.springframework.beans.factory.support.ConstructorResolver.resolveAutowiredArgument(ConstructorResolver.java:904)
        at org.springframework.beans.factory.support.ConstructorResolver.createArgumentArray(ConstructorResolver.java:782)
        at org.springframework.beans.factory.support.ConstructorResolver.instantiateUsingFactoryMethod(ConstructorResolver.java:542)
        at org.springframework.beans.factory.support.AbstractAutowireCapableBeanFactory.instantiateUsingFactoryMethod(AbstractAutowireCapableBeanFactory.java:1355)
        at org.springframework.beans.factory.support.AbstractAutowireCapableBeanFactory.createBeanInstance(AbstractAutowireCapableBeanFactory.java:1185)
        at org.springframework.beans.factory.support.AbstractAutowireCapableBeanFactory.doCreateBean(AbstractAutowireCapableBeanFactory.java:562)
        at org.springframework.beans.factory.support.AbstractAutowireCapableBeanFactory.createBean(AbstractAutowireCapableBeanFactory.java:522)
        at org.springframework.beans.factory.support.AbstractBeanFactory.lambda$doGetBean$0(AbstractBeanFactory.java:337)
        at org.springframework.beans.factory.support.DefaultSingletonBeanRegistry.getSingleton(DefaultSingletonBeanRegistry.java:234)
        at org.springframework.beans.factory.support.AbstractBeanFactory.doGetBean(AbstractBeanFactory.java:335)
        at org.springframework.beans.factory.support.AbstractBeanFactory.getBean(AbstractBeanFactory.java:200)
        at org.springframework.beans.factory.config.DependencyDescriptor.resolveCandidate(DependencyDescriptor.java:254)
        at org.springframework.beans.factory.support.DefaultListableBeanFactory.doResolveDependency(DefaultListableBeanFactory.java:1448)
        at org.springframework.beans.factory.support.DefaultListableBeanFactory.resolveDependency(DefaultListableBeanFactory.java:1358)
        at org.springframework.beans.factory.support.ConstructorResolver.resolveAutowiredArgument(ConstructorResolver.java:904)
        at org.springframework.beans.factory.support.ConstructorResolver.createArgumentArray(ConstructorResolver.java:782)
        at org.springframework.beans.factory.support.ConstructorResolver.instantiateUsingFactoryMethod(ConstructorResolver.java:542)
        at org.springframework.beans.factory.support.AbstractAutowireCapableBeanFactory.instantiateUsingFactoryMethod(AbstractAutowireCapableBeanFactory.java:1355)
        at org.springframework.beans.factory.support.AbstractAutowireCapableBeanFactory.createBeanInstance(AbstractAutowireCapableBeanFactory.java:1185)
        at org.springframework.beans.factory.support.AbstractAutowireCapableBeanFactory.doCreateBean(AbstractAutowireCapableBeanFactory.java:562)
        at org.springframework.beans.factory.support.AbstractAutowireCapableBeanFactory.createBean(AbstractAutowireCapableBeanFactory.java:522)
        at org.springframework.beans.factory.support.AbstractBeanFactory.lambda$doGetBean$0(AbstractBeanFactory.java:337)
        at org.springframework.beans.factory.support.DefaultSingletonBeanRegistry.getSingleton(DefaultSingletonBeanRegistry.java:234)
        at org.springframework.beans.factory.support.AbstractBeanFactory.doGetBean(AbstractBeanFactory.java:335)
        at org.springframework.beans.factory.support.AbstractBeanFactory.getBean(AbstractBeanFactory.java:205)
        at org.springframework.boot.web.servlet.ServletContextInitializerBeans.getOrderedBeansOfType(ServletContextInitializerBeans.java:211)
        at org.springframework.boot.web.servlet.ServletContextInitializerBeans.getOrderedBeansOfType(ServletContextInitializerBeans.java:202)
        at org.springframework.boot.web.servlet.ServletContextInitializerBeans.addServletContextInitializerBeans(ServletContextInitializerBeans.java:97)
        at org.springframework.boot.web.servlet.ServletContextInitializerBeans.<init>(ServletContextInitializerBeans.java:86)
        at org.springframework.boot.web.servlet.context.ServletWebServerApplicationContext.getServletContextInitializerBeans(ServletWebServerApplicationContext.java:271)
        at org.springframework.boot.web.servlet.context.ServletWebServerApplicationContext.selfInitialize(ServletWebServerApplicationContext.java:245)
        at org.springframework.boot.web.embedded.tomcat.TomcatStarter.onStartup(TomcatStarter.java:52)
        at org.apache.catalina.core.StandardContext.startInternal(StandardContext.java:4464)
        at org.apache.catalina.util.LifecycleBase.start(LifecycleBase.java:164)
        at org.apache.catalina.core.ContainerBase$StartChild.call(ContainerBase.java:1203)
        at org.apache.catalina.core.ContainerBase$StartChild.call(ContainerBase.java:1193)
        at java.base/java.util.concurrent.FutureTask.run(FutureTask.java:317)
        at org.apache.tomcat.util.threads.InlineExecutorService.execute(InlineExecutorService.java:75)
        at java.base/java.util.concurrent.AbstractExecutorService.submit(AbstractExecutorService.java:145)
        at org.apache.catalina.core.ContainerBase.startInternal(ContainerBase.java:749)
        at org.apache.catalina.core.StandardHost.startInternal(StandardHost.java:772)
        at org.apache.catalina.util.LifecycleBase.start(LifecycleBase.java:164)
        at org.apache.catalina.core.ContainerBase$StartChild.call(ContainerBase.java:1203)
        at org.apache.catalina.core.ContainerBase$StartChild.call(ContainerBase.java:1193)
        at java.base/java.util.concurrent.FutureTask.run(FutureTask.java:317)
        at org.apache.tomcat.util.threads.InlineExecutorService.execute(InlineExecutorService.java:75)
        at java.base/java.util.concurrent.AbstractExecutorService.submit(AbstractExecutorService.java:145)
        at org.apache.catalina.core.ContainerBase.startInternal(ContainerBase.java:749)
        at org.apache.catalina.core.StandardEngine.startInternal(StandardEngine.java:203)
        at org.apache.catalina.util.LifecycleBase.start(LifecycleBase.java:164)
        at org.apache.catalina.core.StandardService.startInternal(StandardService.java:412)
        at org.apache.catalina.util.LifecycleBase.start(LifecycleBase.java:164)
        at org.apache.catalina.core.StandardServer.startInternal(StandardServer.java:870)
        at org.apache.catalina.util.LifecycleBase.start(LifecycleBase.java:164)
        at org.apache.catalina.startup.Tomcat.start(Tomcat.java:438)
        at org.springframework.boot.web.embedded.tomcat.TomcatWebServer.initialize(TomcatWebServer.java:128)
        at org.springframework.boot.web.embedded.tomcat.TomcatWebServer.<init>(TomcatWebServer.java:107)
        at org.springframework.boot.web.embedded.tomcat.TomcatServletWebServerFactory.getTomcatWebServer(TomcatServletWebServerFactory.java:520)
        at org.springframework.boot.web.embedded.tomcat.TomcatServletWebServerFactory.getWebServer(TomcatServletWebServerFactory.java:222)
        at org.springframework.boot.web.servlet.context.ServletWebServerApplicationContext.createWebServer(ServletWebServerApplicationContext.java:193)
        at org.springframework.boot.web.servlet.context.ServletWebServerApplicationContext.onRefresh(ServletWebServerApplicationContext.java:167)
        at org.springframework.context.support.AbstractApplicationContext.refresh(AbstractApplicationContext.java:619)
        at org.springframework.boot.web.servlet.context.ServletWebServerApplicationContext.refresh(ServletWebServerApplicationContext.java:146)
        at org.springframework.boot.SpringApplication.refresh(SpringApplication.java:755)
        at org.springframework.boot.SpringApplication.refreshContext(SpringApplication.java:456)
        at org.springframework.boot.SpringApplication.run(SpringApplication.java:335)
        at org.springframework.boot.SpringApplication.run(SpringApplication.java:1364)
        at org.springframework.boot.SpringApplication.run(SpringApplication.java:1353)
        at ca.uhn.fhir.jpa.starter.Application.main(Application.java:46)
Caused by: org.postgresql.util.PSQLException: FATAL: password authentication failed for user "user"
        at org.postgresql.core.v3.ConnectionFactoryImpl.doAuthentication(ConnectionFactoryImpl.java:777)
        at org.postgresql.core.v3.ConnectionFactoryImpl.tryConnect(ConnectionFactoryImpl.java:234)
        at org.postgresql.core.v3.ConnectionFactoryImpl.openConnectionImpl(ConnectionFactoryImpl.java:289)
        at org.postgresql.core.ConnectionFactory.openConnection(ConnectionFactory.java:57)
        at org.postgresql.jdbc.PgConnection.<init>(PgConnection.java:277)
        at org.postgresql.Driver.makeConnection(Driver.java:448)
        at org.postgresql.Driver.connect(Driver.java:298)
        at com.zaxxer.hikari.util.DriverDataSource.getConnection(DriverDataSource.java:138)
        at com.zaxxer.hikari.pool.PoolBase.newConnection(PoolBase.java:359)
        at com.zaxxer.hikari.pool.PoolBase.newPoolEntry(PoolBase.java:201)
        at com.zaxxer.hikari.pool.HikariPool.createPoolEntry(HikariPool.java:470)
        at com.zaxxer.hikari.pool.HikariPool.checkFailFast(HikariPool.java:561)
        at com.zaxxer.hikari.pool.HikariPool.<init>(HikariPool.java:100)
        at com.zaxxer.hikari.HikariDataSource.getConnection(HikariDataSource.java:112)
        at org.hibernate.engine.jdbc.connections.internal.DatasourceConnectionProviderImpl.getConnection(DatasourceConnectionProviderImpl.java:126)
        at org.hibernate.engine.jdbc.env.internal.JdbcEnvironmentInitiator$ConnectionProviderJdbcConnectionAccess.obtainConnection(JdbcEnvironmentInitiator.java:467)
        at org.hibernate.resource.transaction.backend.jdbc.internal.JdbcIsolationDelegate.delegateWork(JdbcIsolationDelegate.java:61)
        ... 115 common frames omitted

2026-07-28T16:47:24.503+05:30  INFO 22496 --- [           main] org.hibernate.orm.connections.pooling    : HHH10001005: Database info:
        Database JDBC URL [Connecting through datasource 'HikariDataSource (null)']
        Database driver: undefined/unknown
        Database version: 12.0
        Autocommit mode: undefined/unknown
        Isolation level: undefined/unknown
        Minimum pool size: undefined/unknown
        Maximum pool size: undefined/unknown
2026-07-28T16:47:25.279+05:30  INFO 22496 --- [           main] o.h.e.c.i.m.AuditMetadataGenerator       : Adding properties for entity: ca.uhn.fhir.jpa.entity.MdmLink
2026-07-28T16:47:25.349+05:30  INFO 22496 --- [           main] b.i.HibernateSearchPreIntegrationService : HSEARCH000034: Hibernate Search version 7.2.1.Final
2026-07-28T16:47:27.725+05:30  INFO 22496 --- [           main] o.h.e.t.j.p.i.JtaPlatformInitiator       : HHH000489: No JTA platform available (set 'hibernate.transaction.jta.platform' to enable JTA platform integration)
2026-07-28T16:47:27.759+05:30  INFO 22496 --- [           main] com.zaxxer.hikari.HikariDataSource       : HikariPool-1 - Starting...
2026-07-28T16:47:28.820+05:30 ERROR 22496 --- [           main] com.zaxxer.hikari.pool.HikariPool        : HikariPool-1 - Exception during pool initialization.

org.postgresql.util.PSQLException: FATAL: password authentication failed for user "user"
        at org.postgresql.core.v3.ConnectionFactoryImpl.doAuthentication(ConnectionFactoryImpl.java:777)
        at org.postgresql.core.v3.ConnectionFactoryImpl.tryConnect(ConnectionFactoryImpl.java:234)
        at org.postgresql.core.v3.ConnectionFactoryImpl.openConnectionImpl(ConnectionFactoryImpl.java:289)
        at org.postgresql.core.ConnectionFactory.openConnection(ConnectionFactory.java:57)
        at org.postgresql.jdbc.PgConnection.<init>(PgConnection.java:277)
        at org.postgresql.Driver.makeConnection(Driver.java:448)
        at org.postgresql.Driver.connect(Driver.java:298)
        at com.zaxxer.hikari.util.DriverDataSource.getConnection(DriverDataSource.java:138)
        at com.zaxxer.hikari.pool.PoolBase.newConnection(PoolBase.java:359)
        at com.zaxxer.hikari.pool.PoolBase.newPoolEntry(PoolBase.java:201)
        at com.zaxxer.hikari.pool.HikariPool.createPoolEntry(HikariPool.java:470)
        at com.zaxxer.hikari.pool.HikariPool.checkFailFast(HikariPool.java:561)
        at com.zaxxer.hikari.pool.HikariPool.<init>(HikariPool.java:100)
        at com.zaxxer.hikari.HikariDataSource.getConnection(HikariDataSource.java:112)
        at org.hibernate.engine.jdbc.connections.internal.DatasourceConnectionProviderImpl.getConnection(DatasourceConnectionProviderImpl.java:126)
        at org.hibernate.engine.jdbc.env.internal.JdbcEnvironmentInitiator$ConnectionProviderJdbcConnectionAccess.obtainConnection(JdbcEnvironmentInitiator.java:467)
        at org.hibernate.resource.transaction.backend.jdbc.internal.DdlTransactionIsolatorNonJtaImpl.getIsolatedConnection(DdlTransactionIsolatorNonJtaImpl.java:46)
        at org.hibernate.resource.transaction.backend.jdbc.internal.DdlTransactionIsolatorNonJtaImpl.getIsolatedConnection(DdlTransactionIsolatorNonJtaImpl.java:39)
        at org.hibernate.tool.schema.internal.exec.ImprovedExtractionContextImpl.getJdbcConnection(ImprovedExtractionContextImpl.java:63)
        at org.hibernate.tool.schema.extract.spi.ExtractionContext.getQueryResults(ExtractionContext.java:43)
        at org.hibernate.tool.schema.extract.internal.SequenceInformationExtractorLegacyImpl.extractMetadata(SequenceInformationExtractorLegacyImpl.java:39)
        at org.hibernate.tool.schema.extract.internal.DatabaseInformationImpl.initializeSequences(DatabaseInformationImpl.java:66)
        at org.hibernate.tool.schema.extract.internal.DatabaseInformationImpl.<init>(DatabaseInformationImpl.java:60)
        at org.hibernate.tool.schema.internal.Helper.buildDatabaseInformation(Helper.java:185)
        at org.hibernate.tool.schema.internal.AbstractSchemaMigrator.doMigration(AbstractSchemaMigrator.java:93)
        at org.hibernate.tool.schema.spi.SchemaManagementToolCoordinator.performDatabaseAction(SchemaManagementToolCoordinator.java:280)
        at org.hibernate.tool.schema.spi.SchemaManagementToolCoordinator.lambda$process$5(SchemaManagementToolCoordinator.java:144)
        at java.base/java.util.HashMap.forEach(HashMap.java:1429)
        at org.hibernate.tool.schema.spi.SchemaManagementToolCoordinator.process(SchemaManagementToolCoordinator.java:141)
        at org.hibernate.boot.internal.SessionFactoryObserverForSchemaExport.sessionFactoryCreated(SessionFactoryObserverForSchemaExport.java:37)
        at org.hibernate.internal.SessionFactoryObserverChain.sessionFactoryCreated(SessionFactoryObserverChain.java:35)
        at org.hibernate.internal.SessionFactoryImpl.<init>(SessionFactoryImpl.java:324)
        at org.hibernate.boot.internal.SessionFactoryBuilderImpl.build(SessionFactoryBuilderImpl.java:463)
        at org.hibernate.jpa.boot.internal.EntityManagerFactoryBuilderImpl.build(EntityManagerFactoryBuilderImpl.java:1506)
        at org.hibernate.jpa.HibernatePersistenceProvider.createContainerEntityManagerFactory(HibernatePersistenceProvider.java:142)
        at org.springframework.orm.jpa.LocalContainerEntityManagerFactoryBean.createNativeEntityManagerFactory(LocalContainerEntityManagerFactoryBean.java:390)
        at org.springframework.orm.jpa.AbstractEntityManagerFactoryBean.buildNativeEntityManagerFactory(AbstractEntityManagerFactoryBean.java:409)
        at org.springframework.orm.jpa.AbstractEntityManagerFactoryBean.afterPropertiesSet(AbstractEntityManagerFactoryBean.java:396)
        at org.springframework.orm.jpa.LocalContainerEntityManagerFactoryBean.afterPropertiesSet(LocalContainerEntityManagerFactoryBean.java:366)
        at org.springframework.beans.factory.support.AbstractAutowireCapableBeanFactory.invokeInitMethods(AbstractAutowireCapableBeanFactory.java:1853)
        at org.springframework.beans.factory.support.AbstractAutowireCapableBeanFactory.initializeBean(AbstractAutowireCapableBeanFactory.java:1802)
        at org.springframework.beans.factory.support.AbstractAutowireCapableBeanFactory.doCreateBean(AbstractAutowireCapableBeanFactory.java:600)
        at org.springframework.beans.factory.support.AbstractAutowireCapableBeanFactory.createBean(AbstractAutowireCapableBeanFactory.java:522)
        at org.springframework.beans.factory.support.AbstractBeanFactory.lambda$doGetBean$0(AbstractBeanFactory.java:337)
        at org.springframework.beans.factory.support.DefaultSingletonBeanRegistry.getSingleton(DefaultSingletonBeanRegistry.java:234)
        at org.springframework.beans.factory.support.AbstractBeanFactory.doGetBean(AbstractBeanFactory.java:335)
        at org.springframework.beans.factory.support.AbstractBeanFactory.getBean(AbstractBeanFactory.java:225)
        at org.springframework.beans.factory.support.DefaultListableBeanFactory.resolveNamedBean(DefaultListableBeanFactory.java:1328)
        at org.springframework.beans.factory.support.DefaultListableBeanFactory.resolveNamedBean(DefaultListableBeanFactory.java:1289)
        at org.springframework.beans.factory.support.DefaultListableBeanFactory.resolveNamedBean(DefaultListableBeanFactory.java:1257)
        at org.springframework.orm.jpa.support.PersistenceAnnotationBeanPostProcessor.findDefaultEntityManagerFactory(PersistenceAnnotationBeanPostProcessor.java:593)
        at org.springframework.orm.jpa.support.PersistenceAnnotationBeanPostProcessor.findEntityManagerFactory(PersistenceAnnotationBeanPostProcessor.java:557)
        at org.springframework.orm.jpa.support.PersistenceAnnotationBeanPostProcessor$PersistenceElement.resolveEntityManager(PersistenceAnnotationBeanPostProcessor.java:724)
        at org.springframework.orm.jpa.support.PersistenceAnnotationBeanPostProcessor$PersistenceElement.getResourceToInject(PersistenceAnnotationBeanPostProcessor.java:697)
        at org.springframework.beans.factory.annotation.InjectionMetadata$InjectedElement.inject(InjectionMetadata.java:270)
        at org.springframework.beans.factory.annotation.InjectionMetadata.inject(InjectionMetadata.java:145)
        at org.springframework.orm.jpa.support.PersistenceAnnotationBeanPostProcessor.postProcessProperties(PersistenceAnnotationBeanPostProcessor.java:385)
        at org.springframework.beans.factory.support.AbstractAutowireCapableBeanFactory.populateBean(AbstractAutowireCapableBeanFactory.java:1439)
        at org.springframework.beans.factory.support.AbstractAutowireCapableBeanFactory.doCreateBean(AbstractAutowireCapableBeanFactory.java:599)
        at org.springframework.beans.factory.support.AbstractAutowireCapableBeanFactory.createBean(AbstractAutowireCapableBeanFactory.java:522)
        at org.springframework.beans.factory.support.AbstractBeanFactory.lambda$doGetBean$0(AbstractBeanFactory.java:337)
        at org.springframework.beans.factory.support.DefaultSingletonBeanRegistry.getSingleton(DefaultSingletonBeanRegistry.java:234)
        at org.springframework.beans.factory.support.AbstractBeanFactory.doGetBean(AbstractBeanFactory.java:335)
        at org.springframework.beans.factory.support.AbstractBeanFactory.getBean(AbstractBeanFactory.java:200)
        at org.springframework.beans.factory.config.DependencyDescriptor.resolveCandidate(DependencyDescriptor.java:254)
        at org.springframework.beans.factory.support.DefaultListableBeanFactory.doResolveDependency(DefaultListableBeanFactory.java:1448)
        at org.springframework.beans.factory.support.DefaultListableBeanFactory.resolveDependency(DefaultListableBeanFactory.java:1358)
        at org.springframework.beans.factory.support.ConstructorResolver.resolveAutowiredArgument(ConstructorResolver.java:904)
        at org.springframework.beans.factory.support.ConstructorResolver.createArgumentArray(ConstructorResolver.java:782)
        at org.springframework.beans.factory.support.ConstructorResolver.instantiateUsingFactoryMethod(ConstructorResolver.java:542)
        at org.springframework.beans.factory.support.AbstractAutowireCapableBeanFactory.instantiateUsingFactoryMethod(AbstractAutowireCapableBeanFactory.java:1355)
        at org.springframework.beans.factory.support.AbstractAutowireCapableBeanFactory.createBeanInstance(AbstractAutowireCapableBeanFactory.java:1185)
        at org.springframework.beans.factory.support.AbstractAutowireCapableBeanFactory.doCreateBean(AbstractAutowireCapableBeanFactory.java:562)
        at org.springframework.beans.factory.support.AbstractAutowireCapableBeanFactory.createBean(AbstractAutowireCapableBeanFactory.java:522)
        at org.springframework.beans.factory.support.AbstractBeanFactory.lambda$doGetBean$0(AbstractBeanFactory.java:337)
        at org.springframework.beans.factory.support.DefaultSingletonBeanRegistry.getSingleton(DefaultSingletonBeanRegistry.java:234)
        at org.springframework.beans.factory.support.AbstractBeanFactory.doGetBean(AbstractBeanFactory.java:335)
        at org.springframework.beans.factory.support.AbstractBeanFactory.getBean(AbstractBeanFactory.java:200)
        at org.springframework.beans.factory.config.DependencyDescriptor.resolveCandidate(DependencyDescriptor.java:254)
        at org.springframework.beans.factory.support.DefaultListableBeanFactory.doResolveDependency(DefaultListableBeanFactory.java:1448)
        at org.springframework.beans.factory.support.DefaultListableBeanFactory.resolveDependency(DefaultListableBeanFactory.java:1358)
        at org.springframework.beans.factory.support.ConstructorResolver.resolveAutowiredArgument(ConstructorResolver.java:904)
        at org.springframework.beans.factory.support.ConstructorResolver.createArgumentArray(ConstructorResolver.java:782)
        at org.springframework.beans.factory.support.ConstructorResolver.instantiateUsingFactoryMethod(ConstructorResolver.java:542)
        at org.springframework.beans.factory.support.AbstractAutowireCapableBeanFactory.instantiateUsingFactoryMethod(AbstractAutowireCapableBeanFactory.java:1355)
        at org.springframework.beans.factory.support.AbstractAutowireCapableBeanFactory.createBeanInstance(AbstractAutowireCapableBeanFactory.java:1185)
        at org.springframework.beans.factory.support.AbstractAutowireCapableBeanFactory.doCreateBean(AbstractAutowireCapableBeanFactory.java:562)
        at org.springframework.beans.factory.support.AbstractAutowireCapableBeanFactory.createBean(AbstractAutowireCapableBeanFactory.java:522)
        at org.springframework.beans.factory.support.AbstractBeanFactory.lambda$doGetBean$0(AbstractBeanFactory.java:337)
        at org.springframework.beans.factory.support.DefaultSingletonBeanRegistry.getSingleton(DefaultSingletonBeanRegistry.java:234)
        at org.springframework.beans.factory.support.AbstractBeanFactory.doGetBean(AbstractBeanFactory.java:335)
        at org.springframework.beans.factory.support.AbstractBeanFactory.getBean(AbstractBeanFactory.java:205)
        at org.springframework.boot.web.servlet.ServletContextInitializerBeans.getOrderedBeansOfType(ServletContextInitializerBeans.java:211)
        at org.springframework.boot.web.servlet.ServletContextInitializerBeans.getOrderedBeansOfType(ServletContextInitializerBeans.java:202)
        at org.springframework.boot.web.servlet.ServletContextInitializerBeans.addServletContextInitializerBeans(ServletContextInitializerBeans.java:97)
        at org.springframework.boot.web.servlet.ServletContextInitializerBeans.<init>(ServletContextInitializerBeans.java:86)
        at org.springframework.boot.web.servlet.context.ServletWebServerApplicationContext.getServletContextInitializerBeans(ServletWebServerApplicationContext.java:271)
        at org.springframework.boot.web.servlet.context.ServletWebServerApplicationContext.selfInitialize(ServletWebServerApplicationContext.java:245)
        at org.springframework.boot.web.embedded.tomcat.TomcatStarter.onStartup(TomcatStarter.java:52)
        at org.apache.catalina.core.StandardContext.startInternal(StandardContext.java:4464)
        at org.apache.catalina.util.LifecycleBase.start(LifecycleBase.java:164)
        at org.apache.catalina.core.ContainerBase$StartChild.call(ContainerBase.java:1203)
        at org.apache.catalina.core.ContainerBase$StartChild.call(ContainerBase.java:1193)
        at java.base/java.util.concurrent.FutureTask.run(FutureTask.java:317)
        at org.apache.tomcat.util.threads.InlineExecutorService.execute(InlineExecutorService.java:75)
        at java.base/java.util.concurrent.AbstractExecutorService.submit(AbstractExecutorService.java:145)
        at org.apache.catalina.core.ContainerBase.startInternal(ContainerBase.java:749)
        at org.apache.catalina.core.StandardHost.startInternal(StandardHost.java:772)
        at org.apache.catalina.util.LifecycleBase.start(LifecycleBase.java:164)
        at org.apache.catalina.core.ContainerBase$StartChild.call(ContainerBase.java:1203)
        at org.apache.catalina.core.ContainerBase$StartChild.call(ContainerBase.java:1193)
        at java.base/java.util.concurrent.FutureTask.run(FutureTask.java:317)
        at org.apache.tomcat.util.threads.InlineExecutorService.execute(InlineExecutorService.java:75)
        at java.base/java.util.concurrent.AbstractExecutorService.submit(AbstractExecutorService.java:145)
        at org.apache.catalina.core.ContainerBase.startInternal(ContainerBase.java:749)
        at org.apache.catalina.core.StandardEngine.startInternal(StandardEngine.java:203)
        at org.apache.catalina.util.LifecycleBase.start(LifecycleBase.java:164)
        at org.apache.catalina.core.StandardService.startInternal(StandardService.java:412)
        at org.apache.catalina.util.LifecycleBase.start(LifecycleBase.java:164)
        at org.apache.catalina.core.StandardServer.startInternal(StandardServer.java:870)
        at org.apache.catalina.util.LifecycleBase.start(LifecycleBase.java:164)
        at org.apache.catalina.startup.Tomcat.start(Tomcat.java:438)
        at org.springframework.boot.web.embedded.tomcat.TomcatWebServer.initialize(TomcatWebServer.java:128)
        at org.springframework.boot.web.embedded.tomcat.TomcatWebServer.<init>(TomcatWebServer.java:107)
        at org.springframework.boot.web.embedded.tomcat.TomcatServletWebServerFactory.getTomcatWebServer(TomcatServletWebServerFactory.java:520)
        at org.springframework.boot.web.embedded.tomcat.TomcatServletWebServerFactory.getWebServer(TomcatServletWebServerFactory.java:222)
        at org.springframework.boot.web.servlet.context.ServletWebServerApplicationContext.createWebServer(ServletWebServerApplicationContext.java:193)
        at org.springframework.boot.web.servlet.context.ServletWebServerApplicationContext.onRefresh(ServletWebServerApplicationContext.java:167)
        at org.springframework.context.support.AbstractApplicationContext.refresh(AbstractApplicationContext.java:619)
        at org.springframework.boot.web.servlet.context.ServletWebServerApplicationContext.refresh(ServletWebServerApplicationContext.java:146)
        at org.springframework.boot.SpringApplication.refresh(SpringApplication.java:755)
        at org.springframework.boot.SpringApplication.refreshContext(SpringApplication.java:456)
        at org.springframework.boot.SpringApplication.run(SpringApplication.java:335)
        at org.springframework.boot.SpringApplication.run(SpringApplication.java:1364)
        at org.springframework.boot.SpringApplication.run(SpringApplication.java:1353)
        at ca.uhn.fhir.jpa.starter.Application.main(Application.java:46)

2026-07-28T16:47:28.827+05:30  WARN 22496 --- [           main] o.h.engine.jdbc.spi.SqlExceptionHelper   : SQL Error: 0, SQLState: 28P01
2026-07-28T16:47:28.827+05:30 ERROR 22496 --- [           main] o.h.engine.jdbc.spi.SqlExceptionHelper   : FATAL: password authentication failed for user "user"
2026-07-28T16:47:28.837+05:30 ERROR 22496 --- [           main] irLocalContainerEntityManagerFactoryBean : Failed to initialize JPA EntityManagerFactory: [PersistenceUnit: HAPI_PU] Unable to build Hibernate SessionFactory; nested exception is org.hibernate.exception.GenericJDBCException: Unable to open JDBC Connection for DDL execution [FATAL: password authentication failed for user "user"] [n/a]
2026-07-28T16:47:28.840+05:30 ERROR 22496 --- [           main] o.s.b.web.embedded.tomcat.TomcatStarter  : Error starting Tomcat context. Exception: org.springframework.beans.factory.UnsatisfiedDependencyException. Message: Error creating bean with name 'hapiServletRegistration' defined in ca.uhn.fhir.jpa.starter.Application: Unsatisfied dependency expressed through method 'hapiServletRegistration' parameter 0: Error creating bean with name 'restfulServer' defined in class path resource [ca/uhn/fhir/jpa/starter/common/StarterJpaConfig.class]: Unsatisfied dependency expressed through method 'restfulServer' parameter 0: Error creating bean with name 'mySystemDaoR4': Injection of persistence dependencies failed
2026-07-28T16:47:28.896+05:30  INFO 22496 --- [           main] o.apache.catalina.core.StandardService   : Stopping service [Tomcat]
2026-07-28T16:47:28.904+05:30  WARN 22496 --- [           main] ConfigServletWebServerApplicationContext : Exception encountered during context initialization - cancelling refresh attempt: org.springframework.context.ApplicationContextException: Unable to start web server
2026-07-28T16:47:28.917+05:30  INFO 22496 --- [           main] .s.b.a.l.ConditionEvaluationReportLogger : 

Error starting ApplicationContext. To display the condition evaluation report re-run your application with 'debug' enabled.
2026-07-28T16:47:28.954+05:30 ERROR 22496 --- [           main] o.s.boot.SpringApplication               : Application run failed

org.springframework.context.ApplicationContextException: Unable to start web server
        at org.springframework.boot.web.servlet.context.ServletWebServerApplicationContext.onRefresh(ServletWebServerApplicationContext.java:170)
        at org.springframework.context.support.AbstractApplicationContext.refresh(AbstractApplicationContext.java:619)
        at org.springframework.boot.web.servlet.context.ServletWebServerApplicationContext.refresh(ServletWebServerApplicationContext.java:146)
        at org.springframework.boot.SpringApplication.refresh(SpringApplication.java:755)
        at org.springframework.boot.SpringApplication.refreshContext(SpringApplication.java:456)
        at org.springframework.boot.SpringApplication.run(SpringApplication.java:335)
        at org.springframework.boot.SpringApplication.run(SpringApplication.java:1364)
        at org.springframework.boot.SpringApplication.run(SpringApplication.java:1353)
        at ca.uhn.fhir.jpa.starter.Application.main(Application.java:46)
Caused by: org.springframework.boot.web.server.WebServerException: Unable to start embedded Tomcat
        at org.springframework.boot.web.embedded.tomcat.TomcatWebServer.initialize(TomcatWebServer.java:147)
        at org.springframework.boot.web.embedded.tomcat.TomcatWebServer.<init>(TomcatWebServer.java:107)
        at org.springframework.boot.web.embedded.tomcat.TomcatServletWebServerFactory.getTomcatWebServer(TomcatServletWebServerFactory.java:520)
        at org.springframework.boot.web.embedded.tomcat.TomcatServletWebServerFactory.getWebServer(TomcatServletWebServerFactory.java:222)
        at org.springframework.boot.web.servlet.context.ServletWebServerApplicationContext.createWebServer(ServletWebServerApplicationContext.java:193)
        at org.springframework.boot.web.servlet.context.ServletWebServerApplicationContext.onRefresh(ServletWebServerApplicationContext.java:167)
        ... 8 common frames omitted
Caused by: org.springframework.beans.factory.UnsatisfiedDependencyException: Error creating bean with name 'hapiServletRegistration' defined in ca.uhn.fhir.jpa.starter.Application: Unsatisfied dependency expressed through method 'hapiServletRegistration' parameter 0: Error creating bean with name 'restfulServer' defined in class path resource [ca/uhn/fhir/jpa/starter/common/StarterJpaConfig.class]: Unsatisfied dependency expressed through method 'restfulServer' parameter 0: Error creating bean with name 'mySystemDaoR4': Injection of persistence dependencies failed
        at org.springframework.beans.factory.support.ConstructorResolver.createArgumentArray(ConstructorResolver.java:795)
        at org.springframework.beans.factory.support.ConstructorResolver.instantiateUsingFactoryMethod(ConstructorResolver.java:542)
        at org.springframework.beans.factory.support.AbstractAutowireCapableBeanFactory.instantiateUsingFactoryMethod(AbstractAutowireCapableBeanFactory.java:1355)
        at org.springframework.beans.factory.support.AbstractAutowireCapableBeanFactory.createBeanInstance(AbstractAutowireCapableBeanFactory.java:1185)
        at org.springframework.beans.factory.support.AbstractAutowireCapableBeanFactory.doCreateBean(AbstractAutowireCapableBeanFactory.java:562)
        at org.springframework.beans.factory.support.AbstractAutowireCapableBeanFactory.createBean(AbstractAutowireCapableBeanFactory.java:522)
        at org.springframework.beans.factory.support.AbstractBeanFactory.lambda$doGetBean$0(AbstractBeanFactory.java:337)
        at org.springframework.beans.factory.support.DefaultSingletonBeanRegistry.getSingleton(DefaultSingletonBeanRegistry.java:234)
        at org.springframework.beans.factory.support.AbstractBeanFactory.doGetBean(AbstractBeanFactory.java:335)
        at org.springframework.beans.factory.support.AbstractBeanFactory.getBean(AbstractBeanFactory.java:205)
        at org.springframework.boot.web.servlet.ServletContextInitializerBeans.getOrderedBeansOfType(ServletContextInitializerBeans.java:211)
        at org.springframework.boot.web.servlet.ServletContextInitializerBeans.getOrderedBeansOfType(ServletContextInitializerBeans.java:202)
        at org.springframework.boot.web.servlet.ServletContextInitializerBeans.addServletContextInitializerBeans(ServletContextInitializerBeans.java:97)
        at org.springframework.boot.web.servlet.ServletContextInitializerBeans.<init>(ServletContextInitializerBeans.java:86)
        at org.springframework.boot.web.servlet.context.ServletWebServerApplicationContext.getServletContextInitializerBeans(ServletWebServerApplicationContext.java:271)
        at org.springframework.boot.web.servlet.context.ServletWebServerApplicationContext.selfInitialize(ServletWebServerApplicationContext.java:245)
        at org.springframework.boot.web.embedded.tomcat.TomcatStarter.onStartup(TomcatStarter.java:52)
        at org.apache.catalina.core.StandardContext.startInternal(StandardContext.java:4464)
        at org.apache.catalina.util.LifecycleBase.start(LifecycleBase.java:164)
        at org.apache.catalina.core.ContainerBase$StartChild.call(ContainerBase.java:1203)
        at org.apache.catalina.core.ContainerBase$StartChild.call(ContainerBase.java:1193)
        at java.base/java.util.concurrent.FutureTask.run(FutureTask.java:317)
        at org.apache.tomcat.util.threads.InlineExecutorService.execute(InlineExecutorService.java:75)
        at java.base/java.util.concurrent.AbstractExecutorService.submit(AbstractExecutorService.java:145)
        at org.apache.catalina.core.ContainerBase.startInternal(ContainerBase.java:749)
        at org.apache.catalina.core.StandardHost.startInternal(StandardHost.java:772)
        at org.apache.catalina.util.LifecycleBase.start(LifecycleBase.java:164)
        at org.apache.catalina.core.ContainerBase$StartChild.call(ContainerBase.java:1203)
        at org.apache.catalina.core.ContainerBase$StartChild.call(ContainerBase.java:1193)
        at java.base/java.util.concurrent.FutureTask.run(FutureTask.java:317)
        at org.apache.tomcat.util.threads.InlineExecutorService.execute(InlineExecutorService.java:75)
        at java.base/java.util.concurrent.AbstractExecutorService.submit(AbstractExecutorService.java:145)
        at org.apache.catalina.core.ContainerBase.startInternal(ContainerBase.java:749)
        at org.apache.catalina.core.StandardEngine.startInternal(StandardEngine.java:203)
        at org.apache.catalina.util.LifecycleBase.start(LifecycleBase.java:164)
        at org.apache.catalina.core.StandardService.startInternal(StandardService.java:412)
        at org.apache.catalina.util.LifecycleBase.start(LifecycleBase.java:164)
        at org.apache.catalina.core.StandardServer.startInternal(StandardServer.java:870)
        at org.apache.catalina.util.LifecycleBase.start(LifecycleBase.java:164)
        at org.apache.catalina.startup.Tomcat.start(Tomcat.java:438)
        at org.springframework.boot.web.embedded.tomcat.TomcatWebServer.initialize(TomcatWebServer.java:128)
        ... 13 common frames omitted
Caused by: org.springframework.beans.factory.UnsatisfiedDependencyException: Error creating bean with name 'restfulServer' defined in class path resource [ca/uhn/fhir/jpa/starter/common/StarterJpaConfig.class]: Unsatisfied dependency expressed through method 'restfulServer' parameter 0: Error creating bean with name 'mySystemDaoR4': Injection of persistence dependencies failed
        at org.springframework.beans.factory.support.ConstructorResolver.createArgumentArray(ConstructorResolver.java:795)
        at org.springframework.beans.factory.support.ConstructorResolver.instantiateUsingFactoryMethod(ConstructorResolver.java:542)
        at org.springframework.beans.factory.support.AbstractAutowireCapableBeanFactory.instantiateUsingFactoryMethod(AbstractAutowireCapableBeanFactory.java:1355)
        at org.springframework.beans.factory.support.AbstractAutowireCapableBeanFactory.createBeanInstance(AbstractAutowireCapableBeanFactory.java:1185)
        at org.springframework.beans.factory.support.AbstractAutowireCapableBeanFactory.doCreateBean(AbstractAutowireCapableBeanFactory.java:562)
        at org.springframework.beans.factory.support.AbstractAutowireCapableBeanFactory.createBean(AbstractAutowireCapableBeanFactory.java:522)
        at org.springframework.beans.factory.support.AbstractBeanFactory.lambda$doGetBean$0(AbstractBeanFactory.java:337)
        at org.springframework.beans.factory.support.DefaultSingletonBeanRegistry.getSingleton(DefaultSingletonBeanRegistry.java:234)
        at org.springframework.beans.factory.support.AbstractBeanFactory.doGetBean(AbstractBeanFactory.java:335)
        at org.springframework.beans.factory.support.AbstractBeanFactory.getBean(AbstractBeanFactory.java:200)
        at org.springframework.beans.factory.config.DependencyDescriptor.resolveCandidate(DependencyDescriptor.java:254)
        at org.springframework.beans.factory.support.DefaultListableBeanFactory.doResolveDependency(DefaultListableBeanFactory.java:1448)
        at org.springframework.beans.factory.support.DefaultListableBeanFactory.resolveDependency(DefaultListableBeanFactory.java:1358)
        at org.springframework.beans.factory.support.ConstructorResolver.resolveAutowiredArgument(ConstructorResolver.java:904)
        at org.springframework.beans.factory.support.ConstructorResolver.createArgumentArray(ConstructorResolver.java:782)
        ... 53 common frames omitted
Caused by: org.springframework.beans.factory.BeanCreationException: Error creating bean with name 'mySystemDaoR4': Injection of persistence dependencies failed
        at org.springframework.orm.jpa.support.PersistenceAnnotationBeanPostProcessor.postProcessProperties(PersistenceAnnotationBeanPostProcessor.java:388)
        at org.springframework.beans.factory.support.AbstractAutowireCapableBeanFactory.populateBean(AbstractAutowireCapableBeanFactory.java:1439)
        at org.springframework.beans.factory.support.AbstractAutowireCapableBeanFactory.doCreateBean(AbstractAutowireCapableBeanFactory.java:599)
        at org.springframework.beans.factory.support.AbstractAutowireCapableBeanFactory.createBean(AbstractAutowireCapableBeanFactory.java:522)
        at org.springframework.beans.factory.support.AbstractBeanFactory.lambda$doGetBean$0(AbstractBeanFactory.java:337)
        at org.springframework.beans.factory.support.DefaultSingletonBeanRegistry.getSingleton(DefaultSingletonBeanRegistry.java:234)
        at org.springframework.beans.factory.support.AbstractBeanFactory.doGetBean(AbstractBeanFactory.java:335)
        at org.springframework.beans.factory.support.AbstractBeanFactory.getBean(AbstractBeanFactory.java:200)
        at org.springframework.beans.factory.config.DependencyDescriptor.resolveCandidate(DependencyDescriptor.java:254)
        at org.springframework.beans.factory.support.DefaultListableBeanFactory.doResolveDependency(DefaultListableBeanFactory.java:1448)
        at org.springframework.beans.factory.support.DefaultListableBeanFactory.resolveDependency(DefaultListableBeanFactory.java:1358)
        at org.springframework.beans.factory.support.ConstructorResolver.resolveAutowiredArgument(ConstructorResolver.java:904)
        at org.springframework.beans.factory.support.ConstructorResolver.createArgumentArray(ConstructorResolver.java:782)
        ... 67 common frames omitted
Caused by: org.springframework.beans.factory.BeanCreationException: Error creating bean with name 'entityManagerFactory' defined in class path resource [ca/uhn/fhir/jpa/starter/common/StarterJpaConfig.class]: [PersistenceUnit: HAPI_PU] Unable to build Hibernate SessionFactory; nested exception is org.hibernate.exception.GenericJDBCException: Unable to open JDBC Connection for DDL execution [FATAL: password authentication failed for user "user"] [n/a]
        at org.springframework.beans.factory.support.AbstractAutowireCapableBeanFactory.initializeBean(AbstractAutowireCapableBeanFactory.java:1806)
        at org.springframework.beans.factory.support.AbstractAutowireCapableBeanFactory.doCreateBean(AbstractAutowireCapableBeanFactory.java:600)
        at org.springframework.beans.factory.support.AbstractAutowireCapableBeanFactory.createBean(AbstractAutowireCapableBeanFactory.java:522)
        at org.springframework.beans.factory.support.AbstractBeanFactory.lambda$doGetBean$0(AbstractBeanFactory.java:337)
        at org.springframework.beans.factory.support.DefaultSingletonBeanRegistry.getSingleton(DefaultSingletonBeanRegistry.java:234)
        at org.springframework.beans.factory.support.AbstractBeanFactory.doGetBean(AbstractBeanFactory.java:335)
        at org.springframework.beans.factory.support.AbstractBeanFactory.getBean(AbstractBeanFactory.java:225)
        at org.springframework.beans.factory.support.DefaultListableBeanFactory.resolveNamedBean(DefaultListableBeanFactory.java:1328)
        at org.springframework.beans.factory.support.DefaultListableBeanFactory.resolveNamedBean(DefaultListableBeanFactory.java:1289)
        at org.springframework.beans.factory.support.DefaultListableBeanFactory.resolveNamedBean(DefaultListableBeanFactory.java:1257)
        at org.springframework.orm.jpa.support.PersistenceAnnotationBeanPostProcessor.findDefaultEntityManagerFactory(PersistenceAnnotationBeanPostProcessor.java:593)
        at org.springframework.orm.jpa.support.PersistenceAnnotationBeanPostProcessor.findEntityManagerFactory(PersistenceAnnotationBeanPostProcessor.java:557)
        at org.springframework.orm.jpa.support.PersistenceAnnotationBeanPostProcessor$PersistenceElement.resolveEntityManager(PersistenceAnnotationBeanPostProcessor.java:724)
        at org.springframework.orm.jpa.support.PersistenceAnnotationBeanPostProcessor$PersistenceElement.getResourceToInject(PersistenceAnnotationBeanPostProcessor.java:697)
        at org.springframework.beans.factory.annotation.InjectionMetadata$InjectedElement.inject(InjectionMetadata.java:270)
        at org.springframework.beans.factory.annotation.InjectionMetadata.inject(InjectionMetadata.java:145)
        at org.springframework.orm.jpa.support.PersistenceAnnotationBeanPostProcessor.postProcessProperties(PersistenceAnnotationBeanPostProcessor.java:385)
        ... 79 common frames omitted
Caused by: jakarta.persistence.PersistenceException: [PersistenceUnit: HAPI_PU] Unable to build Hibernate SessionFactory; nested exception is org.hibernate.exception.GenericJDBCException: Unable to open JDBC Connection for DDL execution [FATAL: password authentication failed for user "user"] [n/a]
        at org.springframework.orm.jpa.AbstractEntityManagerFactoryBean.buildNativeEntityManagerFactory(AbstractEntityManagerFactoryBean.java:421)
        at org.springframework.orm.jpa.AbstractEntityManagerFactoryBean.afterPropertiesSet(AbstractEntityManagerFactoryBean.java:396)
        at org.springframework.orm.jpa.LocalContainerEntityManagerFactoryBean.afterPropertiesSet(LocalContainerEntityManagerFactoryBean.java:366)
        at org.springframework.beans.factory.support.AbstractAutowireCapableBeanFactory.invokeInitMethods(AbstractAutowireCapableBeanFactory.java:1853)
        at org.springframework.beans.factory.support.AbstractAutowireCapableBeanFactory.initializeBean(AbstractAutowireCapableBeanFactory.java:1802)
        ... 95 common frames omitted
Caused by: org.hibernate.exception.GenericJDBCException: Unable to open JDBC Connection for DDL execution [FATAL: password authentication failed for user "user"] [n/a]
        at org.hibernate.exception.internal.StandardSQLExceptionConverter.convert(StandardSQLExceptionConverter.java:63)
        at org.hibernate.engine.jdbc.spi.SqlExceptionHelper.convert(SqlExceptionHelper.java:108)
        at org.hibernate.engine.jdbc.spi.SqlExceptionHelper.convert(SqlExceptionHelper.java:94)
        at org.hibernate.resource.transaction.backend.jdbc.internal.DdlTransactionIsolatorNonJtaImpl.getIsolatedConnection(DdlTransactionIsolatorNonJtaImpl.java:74)
        at org.hibernate.resource.transaction.backend.jdbc.internal.DdlTransactionIsolatorNonJtaImpl.getIsolatedConnection(DdlTransactionIsolatorNonJtaImpl.java:39)
        at org.hibernate.tool.schema.internal.exec.ImprovedExtractionContextImpl.getJdbcConnection(ImprovedExtractionContextImpl.java:63)
        at org.hibernate.tool.schema.extract.spi.ExtractionContext.getQueryResults(ExtractionContext.java:43)
        at org.hibernate.tool.schema.extract.internal.SequenceInformationExtractorLegacyImpl.extractMetadata(SequenceInformationExtractorLegacyImpl.java:39)
        at org.hibernate.tool.schema.extract.internal.DatabaseInformationImpl.initializeSequences(DatabaseInformationImpl.java:66)
        at org.hibernate.tool.schema.extract.internal.DatabaseInformationImpl.<init>(DatabaseInformationImpl.java:60)
        at org.hibernate.tool.schema.internal.Helper.buildDatabaseInformation(Helper.java:185)
        at org.hibernate.tool.schema.internal.AbstractSchemaMigrator.doMigration(AbstractSchemaMigrator.java:93)
        at org.hibernate.tool.schema.spi.SchemaManagementToolCoordinator.performDatabaseAction(SchemaManagementToolCoordinator.java:280)
        at org.hibernate.tool.schema.spi.SchemaManagementToolCoordinator.lambda$process$5(SchemaManagementToolCoordinator.java:144)
        at java.base/java.util.HashMap.forEach(HashMap.java:1429)
        at org.hibernate.tool.schema.spi.SchemaManagementToolCoordinator.process(SchemaManagementToolCoordinator.java:141)
        at org.hibernate.boot.internal.SessionFactoryObserverForSchemaExport.sessionFactoryCreated(SessionFactoryObserverForSchemaExport.java:37)
        at org.hibernate.internal.SessionFactoryObserverChain.sessionFactoryCreated(SessionFactoryObserverChain.java:35)
        at org.hibernate.internal.SessionFactoryImpl.<init>(SessionFactoryImpl.java:324)
        at org.hibernate.boot.internal.SessionFactoryBuilderImpl.build(SessionFactoryBuilderImpl.java:463)
        at org.hibernate.jpa.boot.internal.EntityManagerFactoryBuilderImpl.build(EntityManagerFactoryBuilderImpl.java:1506)
        at org.hibernate.jpa.HibernatePersistenceProvider.createContainerEntityManagerFactory(HibernatePersistenceProvider.java:142)
        at org.springframework.orm.jpa.LocalContainerEntityManagerFactoryBean.createNativeEntityManagerFactory(LocalContainerEntityManagerFactoryBean.java:390)
        at org.springframework.orm.jpa.AbstractEntityManagerFactoryBean.buildNativeEntityManagerFactory(AbstractEntityManagerFactoryBean.java:409)
        ... 99 common frames omitted
Caused by: org.postgresql.util.PSQLException: FATAL: password authentication failed for user "user"
        at org.postgresql.core.v3.ConnectionFactoryImpl.doAuthentication(ConnectionFactoryImpl.java:777)
        at org.postgresql.core.v3.ConnectionFactoryImpl.tryConnect(ConnectionFactoryImpl.java:234)
        at org.postgresql.core.v3.ConnectionFactoryImpl.openConnectionImpl(ConnectionFactoryImpl.java:289)
        at org.postgresql.core.ConnectionFactory.openConnection(ConnectionFactory.java:57)
        at org.postgresql.jdbc.PgConnection.<init>(PgConnection.java:277)
        at org.postgresql.Driver.makeConnection(Driver.java:448)
        at org.postgresql.Driver.connect(Driver.java:298)
        at com.zaxxer.hikari.util.DriverDataSource.getConnection(DriverDataSource.java:138)
        at com.zaxxer.hikari.pool.PoolBase.newConnection(PoolBase.java:359)
        at com.zaxxer.hikari.pool.PoolBase.newPoolEntry(PoolBase.java:201)
        at com.zaxxer.hikari.pool.HikariPool.createPoolEntry(HikariPool.java:470)
        at com.zaxxer.hikari.pool.HikariPool.checkFailFast(HikariPool.java:561)
        at com.zaxxer.hikari.pool.HikariPool.<init>(HikariPool.java:100)
        at com.zaxxer.hikari.HikariDataSource.getConnection(HikariDataSource.java:112)
        at org.hibernate.engine.jdbc.connections.internal.DatasourceConnectionProviderImpl.getConnection(DatasourceConnectionProviderImpl.java:126)
        at org.hibernate.engine.jdbc.env.internal.JdbcEnvironmentInitiator$ConnectionProviderJdbcConnectionAccess.obtainConnection(JdbcEnvironmentInitiator.java:467)
        at org.hibernate.resource.transaction.backend.jdbc.internal.DdlTransactionIsolatorNonJtaImpl.getIsolatedConnection(DdlTransactionIsolatorNonJtaImpl.java:46)
        ... 119 common frames omitted

[INFO] ------------------------------------------------------------------------
[INFO] BUILD FAILURE
[INFO] ------------------------------------------------------------------------
[INFO] Total time:  51.390 s
[INFO] Finished at: 2026-07-28T16:47:29+05:30
[INFO] ------------------------------------------------------------------------
[ERROR] Failed to execute goal org.springframework.boot:spring-boot-maven-plugin:3.3.11:run (default-cli) on project hapi-fhir-jpaserver-starter: Process terminated with exit code: 1 -> [Help 1] 
[ERROR]
[ERROR] To see the full stack trace of the errors, re-run Maven with the -e switch.
[ERROR] Re-run Maven using the -X switch to enable full debug logging.
[ERROR]
[ERROR] For more information about the errors and possible solutions, please read the following articles:
[ERROR] [Help 1] http://cwiki.apache.org/confluence/display/MAVEN/MojoExecutionException
PS C:\githubrepos\sayan801\hapi-fhir-jpaserver-starter> 
PS C:\githubrepos\sayan801\hapi-fhir-jpaserver-starter> 